designerCode,beforeWord,suggestedAfterWord,customId,confidence
"7466135","A BATHING APE®","","bcm499","needs_manual_review"
"287790","A Kind of Guise","","bcm499","needs_manual_review"
"79785409","A Paper Kid","","bcm499","needs_manual_review"
"3680277","A-COLD-WALL*","","bcm499","needs_manual_review"
"115889317","A.Bocca","","bcm499","needs_manual_review"
"17079316","A.EMERY","","bcm499","needs_manual_review"
"57225","A.L.C.","","bcm499","needs_manual_review"
"103146680","A.M.G.","","bcm499","needs_manual_review"
"6310930","A.N.G.E.L.O. Vintage Cult","","bcm499","needs_manual_review"
"132487047","A.N.G.E.L.O. Vintage Upcycling","","bcm499","needs_manual_review"
"49486","A.P.C.","아페쎄","bcm499","reviewed_or_rule_based"
"1007908","A.W.A.K.E. Mode","","bcm499","needs_manual_review"
"63042304","AARON ESH","","bcm499","needs_manual_review"
"109452350","AAVVA","","bcm499","needs_manual_review"
"16824863","Abercrombie & Fitch","","bcm499","needs_manual_review"
"146976664","ABSEITS","","bcm499","needs_manual_review"
"113422101","absolut cashmere","","bcm499","needs_manual_review"
"6036088","Acler","","bcm499","needs_manual_review"
"8880292","Acne Studios","아크네 스튜디오","bcm499","reviewed_or_rule_based"
"116942784","ACTUALEE","","bcm499","needs_manual_review"
"972014","Adam Lippes","","bcm499","needs_manual_review"
"27795","Add","","bcm499","needs_manual_review"
"6486666","Ader Error","","bcm499","needs_manual_review"
"214504","adidas","","bcm499","needs_manual_review"
"1693960","adidas by Stella McCartney","","bcm499","needs_manual_review"
"4968477","adidas Yeezy","","bcm499","needs_manual_review"
"1315427","Adieu Paris","","bcm499","needs_manual_review"
"6769662","Adina Reyter","","bcm499","needs_manual_review"
"271258","Adriana Degreas","","bcm499","needs_manual_review"
"146394381","ADRIANNA FERETTI","","bcm499","needs_manual_review"
"1300081","AERON","","bcm499","needs_manual_review"
"24203","Aeronautica Militare","","bcm499","needs_manual_review"
"3402278","Aesop","","bcm499","needs_manual_review"
"4580642","Aesther Ekme","","bcm499","needs_manual_review"
"104840622","AEXAE","","bcm499","needs_manual_review"
"4966071","Aeyde","","bcm499","needs_manual_review"
"123494452","AFAR","","bcm499","needs_manual_review"
"12203638","AFTER LABEL","","bcm499","needs_manual_review"
"361771","AG Jeans","","bcm499","needs_manual_review"
"144723216","AGAVE QUADRI","","bcm499","needs_manual_review"
"40518","Agent Provocateur","","bcm499","needs_manual_review"
"5281995","AGL","","bcm499","needs_manual_review"
"38699","Aglini","","bcm499","needs_manual_review"
"54946796","Agmes","","bcm499","needs_manual_review"
"28988","Agnelle","","bcm499","needs_manual_review"
"85732","Agnona","","bcm499","needs_manual_review"
"156434","Agnona Vintage","","bcm499","needs_manual_review"
"6036143","AGOLDE","","bcm499","needs_manual_review"
"1344034","Agua Bendita","","bcm499","needs_manual_review"
"10555427","Agua By Agua Bendita","","bcm499","needs_manual_review"
"1702217","Água de Coco","","bcm499","needs_manual_review"
"1719619","Ahlem","","bcm499","needs_manual_review"
"11875482","Ahluwalia","","bcm499","needs_manual_review"
"652380","Aiayu","","bcm499","needs_manual_review"
"140801791","AIRE","","bcm499","needs_manual_review"
"303233","Aje","","bcm499","needs_manual_review"
"17251087","AKANSHA SETHI","","bcm499","needs_manual_review"
"1677233","Akep","","bcm499","needs_manual_review"
"109698742","akila","","bcm499","needs_manual_review"
"21879416","Akoni","","bcm499","needs_manual_review"
"339193","Akris","","bcm499","needs_manual_review"
"262267","Akris Punto","","bcm499","needs_manual_review"
"143950670","AKYN","","bcm499","needs_manual_review"
"2312222","Al Duca D’Aosta 1902","","bcm499","needs_manual_review"
"3428611","Alaïa","알라이아","bcm499","reviewed_or_rule_based"
"146314947","Alaia Eyewear","알라이아 아이웨어","bcm499","reviewed_or_rule_based"
"261685","Alaïa Pre-Owned","알라이아 프리오운드","bcm499","reviewed_or_rule_based"
"10190400","Alain Mikli","","bcm499","needs_manual_review"
"201890","Alain Mikli Vintage","","bcm499","needs_manual_review"
"103853111","ALAINPAUL","","bcm499","needs_manual_review"
"12271012","Alameda Turquesa","","bcm499","needs_manual_review"
"9438021","Alan Crocetti","","bcm499","needs_manual_review"
"3762682","Alanui","","bcm499","needs_manual_review"
"22285972","Alanui Kids","","bcm499","needs_manual_review"
"230090","Alberta Ferretti","","bcm499","needs_manual_review"
"1903470","Alberta Ferretti Vintage","","bcm499","needs_manual_review"
"6979","Alberto Biani","","bcm499","needs_manual_review"
"5499","Alberto Fasciani","","bcm499","needs_manual_review"
"118048454","ALBERTO LUTI","","bcm499","needs_manual_review"
"2241325","Alchemy","","bcm499","needs_manual_review"
"14987645","Aldo","","bcm499","needs_manual_review"
"17176113","ALEMAIS","","bcm499","needs_manual_review"
"746702","Alessandra Rich","","bcm499","needs_manual_review"
"14128743","alessandro enriquez","","bcm499","needs_manual_review"
"34097239","ALESSANDRO VIGILANTE","","bcm499","needs_manual_review"
"514687","Alessi","","bcm499","needs_manual_review"
"9475308","Alevì","","bcm499","needs_manual_review"
"1634841","Alex Perry","","bcm499","needs_manual_review"
"88502493","Alexa Lixfeld","","bcm499","needs_manual_review"
"235521","Alexander Hotto","","bcm499","needs_manual_review"
"2765","Alexander McQueen","알렉산더 맥퀸","bcm499","reviewed_or_rule_based"
"5220345","Alexander McQueen Eyewear","알렉산더 맥퀸 아이웨어","bcm499","reviewed_or_rule_based"
"131551","Alexander McQueen Pre-Owned","알렉산더 맥퀸 프리오운드","bcm499","reviewed_or_rule_based"
"716218","Alexander Smith","","bcm499","needs_manual_review"
"4062","Alexander Wang","알렉산더 왕","bcm499","reviewed_or_rule_based"
"145375673","Alexander Wintsch","","bcm499","needs_manual_review"
"5048216","Alexandra Golovanoff","","bcm499","needs_manual_review"
"191681","Alexandre Birman","","bcm499","needs_manual_review"
"164430","Alexandre Vauthier","","bcm499","needs_manual_review"
"137895604","ALEXIA & ANTONIA","","bcm499","needs_manual_review"
"868582","Alexis","","bcm499","needs_manual_review"
"82875","Alexis Bittar","","bcm499","needs_manual_review"
"124386719","ALIBI","","bcm499","needs_manual_review"
"48935","alice + olivia","","bcm499","needs_manual_review"
"6114017","Alice Cicolini","","bcm499","needs_manual_review"
"66941","Alice Waese","","bcm499","needs_manual_review"
"8895308","Alienina","","bcm499","needs_manual_review"
"1903468","Alighieri","","bcm499","needs_manual_review"
"5358092","Aliita","","bcm499","needs_manual_review"
"130496424","ALIS","","bcm499","needs_manual_review"
"6337501","All Blues","","bcm499","needs_manual_review"
"5965754","AllSaints","올세인츠","bcm499","reviewed_or_rule_based"
"218241","Allude","","bcm499","needs_manual_review"
"99679101","Almada Label","","bcm499","needs_manual_review"
"5958339","Almaz","","bcm499","needs_manual_review"
"17916637","ALOHAS","","bcm499","needs_manual_review"
"12322520","alonpi cashmere","","bcm499","needs_manual_review"
"396629","Alpha Industries","","bcm499","needs_manual_review"
"121836503","ALPHA STUDIO","","bcm499","needs_manual_review"
"96405601","Alpha Tauri","","bcm499","needs_manual_review"
"16577146","Alphatauri","","bcm499","needs_manual_review"
"384692","Altea","","bcm499","needs_manual_review"
"60224774","ALTRA","","bcm499","needs_manual_review"
"185663","Altuzarra","","bcm499","needs_manual_review"
"23473442","ALVIERO MARTINI 1° CLASSE","","bcm499","needs_manual_review"
"87332","Alysi","","bcm499","needs_manual_review"
"12324097","AMA PURE","","bcm499","needs_manual_review"
"12201593","amato daniele","","bcm499","needs_manual_review"
"24299577","Amazuìn","","bcm499","needs_manual_review"
"39963750","AMBIENTEC.","","bcm499","needs_manual_review"
"311451","AMBUSH","","bcm499","needs_manual_review"
"109924475","Ambush Eyewear","","bcm499","needs_manual_review"
"115796","Amen","","bcm499","needs_manual_review"
"6785","American Retro","","bcm499","needs_manual_review"
"31348","American Vintage","","bcm499","needs_manual_review"
"228660","AMI Paris","아미 파리","bcm499","reviewed_or_rule_based"
"7540241","Amina Muaddi","","bcm499","needs_manual_review"
"932123","Amina Rubinacci","","bcm499","needs_manual_review"
"2327807","AMIRI","아미리","bcm499","reviewed_or_rule_based"
"17992162","AMISH","","bcm499","needs_manual_review"
"132411651","Amiya","","bcm499","needs_manual_review"
"16743609","Amomento","","bcm499","needs_manual_review"
"21870532","AMOR Y MEZCAL","","bcm499","needs_manual_review"
"147681517","AMOSA","","bcm499","needs_manual_review"
"124405835","Amuleti","","bcm499","needs_manual_review"
"124385037","Amuse La Bouche","","bcm499","needs_manual_review"
"139051023","AN-Y1","","bcm499","needs_manual_review"
"93006989","Ana Radu","","bcm499","needs_manual_review"
"15671547","Anabela Chan","","bcm499","needs_manual_review"
"15418893","Ananya","","bcm499","needs_manual_review"
"3000017","Anapsara","","bcm499","needs_manual_review"
"235652","Ancient Greek Sandals","","bcm499","needs_manual_review"
"2574508","and Wander","","bcm499","needs_manual_review"
"9998418","Anderson's","","bcm499","needs_manual_review"
"15464349","Andersson Bell","","bcm499","needs_manual_review"
"143786640","ANDIATA","","bcm499","needs_manual_review"
"154142","Andrè Laug Vintage","","bcm499","needs_manual_review"
"56326778","Andrea Wazen","","bcm499","needs_manual_review"
"1628782","Andrea Ya'aqov","","bcm499","needs_manual_review"
"17177125","ANDREĀDAMO","","bcm499","needs_manual_review"
"14030613","ANDRES OTALORA","","bcm499","needs_manual_review"
"2589107","Andy Wolf","","bcm499","needs_manual_review"
"127219556","Aneka","","bcm499","needs_manual_review"
"126540580","Angela Lago","","bcm499","needs_manual_review"
"12078144","Anglepoise","","bcm499","needs_manual_review"
"896146","ANINE BING","","bcm499","needs_manual_review"
"131010114","Anisa Sojka","","bcm499","needs_manual_review"
"3543122","Anissa Kermiche","","bcm499","needs_manual_review"
"1378102","Anita Ko","","bcm499","needs_manual_review"
"18914","Aniye By","","bcm499","needs_manual_review"
"4662913","Anjuna","","bcm499","needs_manual_review"
"3071","Ann Demeulemeester","","bcm499","needs_manual_review"
"16979433","Ann Demeulemeester X Serax","","bcm499","needs_manual_review"
"6486620","Anna F.","","bcm499","needs_manual_review"
"50848","Anna Molinari","","bcm499","needs_manual_review"
"153189","Anna October","","bcm499","needs_manual_review"
"62893962","ANNA-KARIN KARLSSON","","bcm499","needs_manual_review"
"118605373","ANNAFOXY","","bcm499","needs_manual_review"
"148825031","ANNE KLEIN","","bcm499","needs_manual_review"
"1809084","Anne Thomas","","bcm499","needs_manual_review"
"979999","Annelise Michelson","","bcm499","needs_manual_review"
"7025496","Anni Lu","","bcm499","needs_manual_review"
"11068","Anntian","","bcm499","needs_manual_review"
"147879354","ANONYM APPAREL","","bcm499","needs_manual_review"
"11188214","Anonymous Ism","","bcm499","needs_manual_review"
"18331398","Another Tomorrow","","bcm499","needs_manual_review"
"143741755","ANTENNE BOOKS","","bcm499","needs_manual_review"
"13744896","Anti Social Social Club","","bcm499","needs_manual_review"
"11785","Antik Batik","","bcm499","needs_manual_review"
"271681","Antipast","","bcm499","needs_manual_review"
"6215943","Antonelli","","bcm499","needs_manual_review"
"4859053","Antonio Barbato Maestri Veneziani","","bcm499","needs_manual_review"
"551270","Antonio Bernardo","","bcm499","needs_manual_review"
"3902","Antonio Marras","","bcm499","needs_manual_review"
"219429","Antonio Marras Vintage","","bcm499","needs_manual_review"
"43854","Anya Hindmarch","안야 힌드마치","bcm499","reviewed_or_rule_based"
"5934292","APL: ATHLETIC PROPULSION LABS","","bcm499","needs_manual_review"
"2144126","APM Monaco","","bcm499","needs_manual_review"
"139064191","APOA","","bcm499","needs_manual_review"
"3594788","Apuntob","","bcm499","needs_manual_review"
"580741","Aquazzura","아쿠아주라","bcm499","reviewed_or_rule_based"
"89283912","AQUAZZURA CASA","아쿠아주라 카사","bcm499","reviewed_or_rule_based"
"309351","Aquilano.Rimondi Vintage","","bcm499","needs_manual_review"
"137835853","ARAFTU","","bcm499","needs_manual_review"
"136256841","Araminta James Australia","","bcm499","needs_manual_review"
"6893128","Arc'teryx","아크테릭스","bcm499","reviewed_or_rule_based"
"30696265","arch4","","bcm499","needs_manual_review"
"11507245","Archivio B","","bcm499","needs_manual_review"
"130263626","ARCINA ORI","","bcm499","needs_manual_review"
"51373981","ARCS","","bcm499","needs_manual_review"
"4409406","AREA","","bcm499","needs_manual_review"
"1850585","Aries","","bcm499","needs_manual_review"
"4038024","Arma","","bcm499","needs_manual_review"
"3303804","Armani Exchange","","bcm499","needs_manual_review"
"17992633","Armani/Casa","","bcm499","needs_manual_review"
"80189893","ARMARIUM","","bcm499","needs_manual_review"
"115327654","AROVESCIO","","bcm499","needs_manual_review"
"48515448","Arte Antwerp","","bcm499","needs_manual_review"
"50052163","Arteana","","bcm499","needs_manual_review"
"82810580","Arti & Mestieri","","bcm499","needs_manual_review"
"137351218","ARTICLE TEN","","bcm499","needs_manual_review"
"1186","Ash","","bcm499","needs_manual_review"
"36241","ASICS","","bcm499","needs_manual_review"
"6790","ASPESI","","bcm499","needs_manual_review"
"802605","Aspesi Vintage","","bcm499","needs_manual_review"
"4186338","Aspinal Of London","","bcm499","needs_manual_review"
"222039","Assouline","","bcm499","needs_manual_review"
"122164103","Asta Resort","","bcm499","needs_manual_review"
"14353","Astier De Villatte","","bcm499","needs_manual_review"
"108066830","Astrid & Miyu","","bcm499","needs_manual_review"
"3727739","Atlein","","bcm499","needs_manual_review"
"121046932","ATOMIC","","bcm499","needs_manual_review"
"299867","ATP Atelier","","bcm499","needs_manual_review"
"6485630","Atu Body Couture","","bcm499","needs_manual_review"
"13304233","Au Départ","","bcm499","needs_manual_review"
"146194581","AUDE HEROUARD","","bcm499","needs_manual_review"
"3539533","Audemars Piguet","오데마 피게","bcm499","reviewed_or_rule_based"
"98967757","Audemars Piguet pre owned","오데마 피게 프리오운드","bcm499","reviewed_or_rule_based"
"13219343","Audo","","bcm499","needs_manual_review"
"132193303","August Barron","","bcm499","needs_manual_review"
"1033162","Augusta","","bcm499","needs_manual_review"
"3977865","Auralee","오라리","bcm499","reviewed_or_rule_based"
"569906","Aurelie Bidermann","","bcm499","needs_manual_review"
"127801967","AUTENTICA 504","","bcm499","needs_manual_review"
"15615986","Autry","오트리","bcm499","reviewed_or_rule_based"
"87752","Avant Toi","","bcm499","needs_manual_review"
"15671616","AVAVAV","","bcm499","needs_manual_review"
"12270389","avenue 67","","bcm499","needs_manual_review"
"539000","Avenue Montaigne","","bcm499","needs_manual_review"
"51206931","Avirex","","bcm499","needs_manual_review"
"7035","Aviù","","bcm499","needs_manual_review"
"16782","Avril Gau","","bcm499","needs_manual_review"
"17080997","Awake NY","","bcm499","needs_manual_review"
"110026920","AWAY THAT DAY","","bcm499","needs_manual_review"
"136214341","AXEL 113","","bcm499","needs_manual_review"
"6310904","Axel Arigato","악셀 아리가토","bcm499","reviewed_or_rule_based"
"27706129","Aya Muse","","bcm499","needs_manual_review"
"12805033","AYTM","","bcm499","needs_manual_review"
"17509394","AZ FACTORY","","bcm499","needs_manual_review"
"125742130","azzedine alaïa","","bcm499","needs_manual_review"
"48513820","B SIDES","","bcm499","needs_manual_review"
"803578","B-Low The Belt","","bcm499","needs_manual_review"
"131249490","B.B. Walace","","bcm499","needs_manual_review"
"144654071","b.Eautiful","","bcm499","needs_manual_review"
"151547637","b.young","","bcm499","needs_manual_review"
"27524","B&W","","bcm499","needs_manual_review"
"10527318","Ba&Sh","","bcm499","needs_manual_review"
"958744","Babylone Paris","","bcm499","needs_manual_review"
"126651330","BACI MILANO","","bcm499","needs_manual_review"
"269632","Baldinini","","bcm499","needs_manual_review"
"2450","Balenciaga","발렌시아가","bcm499","reviewed_or_rule_based"
"3613401","Balenciaga Eyewear","발렌시아가 아이웨어","bcm499","reviewed_or_rule_based"
"92762","Balenciaga Pre-Owned","발렌시아가 프리오운드","bcm499","reviewed_or_rule_based"
"100108","Ballantyne","","bcm499","needs_manual_review"
"148447","Ballantyne Vintage","","bcm499","needs_manual_review"
"15652","Bally","","bcm499","needs_manual_review"
"18370","Balmain","","bcm499","needs_manual_review"
"14828843","Balmain Eyewear","","bcm499","needs_manual_review"
"131835","Balmain Pre-Owned","","bcm499","needs_manual_review"
"137328479","BANANA MOON","","bcm499","needs_manual_review"
"4289947","Bang & Olufsen","","bcm499","needs_manual_review"
"402663","Bao Bao Issey Miyake","","bcm499","needs_manual_review"
"109934222","Baobab","","bcm499","needs_manual_review"
"2425248","Baobab Collection","","bcm499","needs_manual_review"
"15629129","BAPE BLACK *A BATHING APE®","","bcm499","needs_manual_review"
"145020","Barba","","bcm499","needs_manual_review"
"506932","Barbara Bologna","","bcm499","needs_manual_review"
"15350","Barbara Bui","","bcm499","needs_manual_review"
"6959","Barbour","","bcm499","needs_manual_review"
"39396923","Barbour International","","bcm499","needs_manual_review"
"149013129","Barebarics","","bcm499","needs_manual_review"
"67332","Barena","","bcm499","needs_manual_review"
"1447619","Barrie","","bcm499","needs_manual_review"
"15415115","BARROW","","bcm499","needs_manual_review"
"874854","Barton Perreira","","bcm499","needs_manual_review"
"10380344","Baruni","","bcm499","needs_manual_review"
"24103273","base","","bcm499","needs_manual_review"
"706605","Baserange","","bcm499","needs_manual_review"
"124438249","Basile","","bcm499","needs_manual_review"
"133326","Basile Vintage","","bcm499","needs_manual_review"
"227629","Baum Und Pferdgarten","","bcm499","needs_manual_review"
"3539444","Baume & Mercier","","bcm499","needs_manual_review"
"1612629","Bazar Deluxe","","bcm499","needs_manual_review"
"149011970","Be Lenka","","bcm499","needs_manual_review"
"2931242","Bea Bongiasca","","bcm499","needs_manual_review"
"127004493","bea mombaers","","bcm499","needs_manual_review"
"136256119","Beach Bunny","","bcm499","needs_manual_review"
"1322140","Beach Riot","","bcm499","needs_manual_review"
"31409847","BEATRIZ PALACIOS","","bcm499","needs_manual_review"
"132561650","beaubleu","","bcm499","needs_manual_review"
"413660","Beautiful People","","bcm499","needs_manual_review"
"538555","Becksöndergaard","","bcm499","needs_manual_review"
"3914446","Begüm Khan","","bcm499","needs_manual_review"
"140045571","BELAMER","","bcm499","needs_manual_review"
"3539485","Bell & Ross","","bcm499","needs_manual_review"
"151515568","BELLE ANNA","","bcm499","needs_manual_review"
"1476245","Belle Et Bon Bon","","bcm499","needs_manual_review"
"116888","Benedetta Bruzziches","","bcm499","needs_manual_review"
"11363217","Benetton","","bcm499","needs_manual_review"
"155832082","BERGÈRE","","bcm499","needs_manual_review"
"610897","Bergfabel","","bcm499","needs_manual_review"
"120146262","Berkel","","bcm499","needs_manual_review"
"9955769","Bernadette","","bcm499","needs_manual_review"
"206665","Betta Corradi","","bcm499","needs_manual_review"
"123615141","Better Gift Shop","","bcm499","needs_manual_review"
"34292032","BETTINA VERMILLON","","bcm499","needs_manual_review"
"98795123","BETTTER","","bcm499","needs_manual_review"
"127905199","BETTY & CO","","bcm499","needs_manual_review"
"1248603","Bevza","","bcm499","needs_manual_review"
"31181501","BeYou","","bcm499","needs_manual_review"
"12832966","Bialetti","","bcm499","needs_manual_review"
"108349316","Bibi Lou","","bcm499","needs_manual_review"
"3468960","Bibi van der Velden","","bcm499","needs_manual_review"
"156309009","BIKINVILLE","","bcm499","needs_manual_review"
"121967039","Billabong","","bcm499","needs_manual_review"
"119937416","BILLI BI","","bcm499","needs_manual_review"
"32039230","Bimba y Lola","","bcm499","needs_manual_review"
"286598","Birkenstock","","bcm499","needs_manual_review"
"134969869","BIRKENSTOCK 1774","","bcm499","needs_manual_review"
"49134493","BITE Studios","","bcm499","needs_manual_review"
"12270615","Bitossi Home","","bcm499","needs_manual_review"
"4048930","Black Comme Des Garçons","","bcm499","needs_manual_review"
"3859145","Black Crane","","bcm499","needs_manual_review"
"126061815","Black Label","","bcm499","needs_manual_review"
"78756482","BLACK SUEDE STUDIO","","bcm499","needs_manual_review"
"218640","Blanca Vita","","bcm499","needs_manual_review"
"154813","Blancha","","bcm499","needs_manual_review"
"3846202","Blancpain","","bcm499","needs_manual_review"
"5862561","Blauer","","bcm499","needs_manual_review"
"3773521","Blazé Milano","","bcm499","needs_manual_review"
"908","Bless","","bcm499","needs_manual_review"
"14590820","Bleue Burnham","","bcm499","needs_manual_review"
"29277385","Bloc Studios","","bcm499","needs_manual_review"
"68871","Blugirl","","bcm499","needs_manual_review"
"343405","Blumarine","","bcm499","needs_manual_review"
"202343","Blumarine Vintage","","bcm499","needs_manual_review"
"194073","Blundstone","","bcm499","needs_manual_review"
"141809851","Blunt","","bcm499","needs_manual_review"
"18530383","BMW","","bcm499","needs_manual_review"
"145374758","BMW Eyewear","","bcm499","needs_manual_review"
"10901","Boboutic","","bcm499","needs_manual_review"
"8350357","BODE","","bcm499","needs_manual_review"
"122903524","Bogart","","bcm499","needs_manual_review"
"6929","Boglioli","","bcm499","needs_manual_review"
"3799620","BOGNER","","bcm499","needs_manual_review"
"31285472","BOGNER FIRE+ICE","","bcm499","needs_manual_review"
"124615142","BOHONOMAD","","bcm499","needs_manual_review"
"118480297","Boiler Room","","bcm499","needs_manual_review"
"132548166","bomboogie","","bcm499","needs_manual_review"
"15078466","BOMPARD","","bcm499","needs_manual_review"
"233599","Bonastre","","bcm499","needs_manual_review"
"54527784","Bond-eye","","bcm499","needs_manual_review"
"125599280","BONGUSTA","","bcm499","needs_manual_review"
"124615540","BONHEUR","","bcm499","needs_manual_review"
"123533349","BONNE MAISON","","bcm499","needs_manual_review"
"7234143","Bonpoint","","bcm499","needs_manual_review"
"118582954","Borbonese","","bcm499","needs_manual_review"
"28699240","Bordallo Pinheiro","","bcm499","needs_manual_review"
"1078172","Bordelle","","bcm499","needs_manual_review"
"214168","Borgo Delle Tovaglie","","bcm499","needs_manual_review"
"306529","Borsalino","","bcm499","needs_manual_review"
"219346","Borsalino Vintage","","bcm499","needs_manual_review"
"13504184","Bosa","","bcm499","needs_manual_review"
"109995","Bosabo","","bcm499","needs_manual_review"
"12080417","BOSS","","bcm499","needs_manual_review"
"124963076","Botsi","","bcm499","needs_manual_review"
"128656","Bottega Veneta Pre-Owned","보테가 베네타 프리오운드","bcm499","reviewed_or_rule_based"
"6486578","Botter","","bcm499","needs_manual_review"
"161205","Botto Giuseppe","","bcm499","needs_manual_review"
"8414096","Boucheron Eyewear","","bcm499","needs_manual_review"
"17086625","Boucheron Pre-Owned","","bcm499","needs_manual_review"
"12723430","BOUND","","bcm499","needs_manual_review"
"55033","Boutique Moschino","","bcm499","needs_manual_review"
"553070","Boysloft","","bcm499","needs_manual_review"
"148834272","BOZART","","bcm499","needs_manual_review"
"12322967","brador","","bcm499","needs_manual_review"
"3525333","Brain Dead","","bcm499","needs_manual_review"
"3004954","Brandon Maxwell","","bcm499","needs_manual_review"
"3846207","Breguet","","bcm499","needs_manual_review"
"4399754","Briglia 1949","","bcm499","needs_manual_review"
"101511","Brioni","","bcm499","needs_manual_review"
"2241319","Briston","","bcm499","needs_manual_review"
"127064692","BROKEN PLANET","","bcm499","needs_manual_review"
"182717","Bronte","","bcm499","needs_manual_review"
"3536927","Brooke Gregson","","bcm499","needs_manual_review"
"49889130","BROOKS","","bcm499","needs_manual_review"
"90739","Brunello Cucinelli","브루넬로 쿠치넬리","bcm499","reviewed_or_rule_based"
"516548","Brunello Cucinelli Vintage","브루넬로 쿠치넬리 빈티지","bcm499","reviewed_or_rule_based"
"6270","Bruuns Bazaar","","bcm499","needs_manual_review"
"10902180","Buccellati","","bcm499","needs_manual_review"
"6147668","Buffalo","","bcm499","needs_manual_review"
"769627","Burberry","버버리","bcm499","reviewed_or_rule_based"
"8822582","Burberry Eyewear","버버리 아이웨어","bcm499","reviewed_or_rule_based"
"134637","Burberry Pre-Owned","버버리 프리오운드","bcm499","reviewed_or_rule_based"
"1280229","Buscemi","","bcm499","needs_manual_review"
"1116834","Butler & Wilson Vintage","","bcm499","needs_manual_review"
"9491","Buttero","","bcm499","needs_manual_review"
"650994","Bvlgari","","bcm499","needs_manual_review"
"1741833","Bvlgari Pre-Owned","","bcm499","needs_manual_review"
"7553889","BY FAR","","bcm499","needs_manual_review"
"119425099","By Gabs","","bcm499","needs_manual_review"
"28041","By Malene Birger","","bcm499","needs_manual_review"
"13037185","By Pariah","","bcm499","needs_manual_review"
"11502089","byblos","","bcm499","needs_manual_review"
"6893111","BYBORRE","","bcm499","needs_manual_review"
"67242","C.P. Company","","bcm499","needs_manual_review"
"15165388","C.P. Company Pre-Owned","","bcm499","needs_manual_review"
"112333544","C'era Fragrance","","bcm499","needs_manual_review"
"17604664","Cabana","","bcm499","needs_manual_review"
"124443677","Cadette","","bcm499","needs_manual_review"
"82458885","CAFÉ KITSUNÉ","","bcm499","needs_manual_review"
"11232196","Cafuné","","bcm499","needs_manual_review"
"136255330","Caha Capo Dubai","","bcm499","needs_manual_review"
"38803596","Cala de la Cruz","","bcm499","needs_manual_review"
"12323707","Caliban","","bcm499","needs_manual_review"
"121046755","CALIDA","","bcm499","needs_manual_review"
"123770","Calleen Cordero","","bcm499","needs_manual_review"
"146501981","Calma House","","bcm499","needs_manual_review"
"3977820","Calvin Klein","","bcm499","needs_manual_review"
"122248008","CALVIN KLEIN COLLECTION","","bcm499","needs_manual_review"
"5589921","Calvin Klein Jeans","","bcm499","needs_manual_review"
"825223","Calvin Klein Underwear","","bcm499","needs_manual_review"
"4988092","Cambio","","bcm499","needs_manual_review"
"34293403","Cameo & Beyond","","bcm499","needs_manual_review"
"262164","Camilla","","bcm499","needs_manual_review"
"6864","Camper","","bcm499","needs_manual_review"
"6417092","CamperLab","","bcm499","needs_manual_review"
"224588","Campomaggi","","bcm499","needs_manual_review"
"190721","Canada Goose","캐나다구스","bcm499","reviewed_or_rule_based"
"89285516","Cander","","bcm499","needs_manual_review"
"586762","Candice Cooper","","bcm499","needs_manual_review"
"16744881","CandleHand","","bcm499","needs_manual_review"
"143727031","CANDYSLAB","","bcm499","needs_manual_review"
"10502519","Canessa","","bcm499","needs_manual_review"
"137756873","Capote","","bcm499","needs_manual_review"
"17805537","Cappellini","","bcm499","needs_manual_review"
"17177762","Capsule Eleven","","bcm499","needs_manual_review"
"21433","Car Shoe","","bcm499","needs_manual_review"
"15436012","Cara Cara","","bcm499","needs_manual_review"
"12077714","Caran d'Ache","","bcm499","needs_manual_review"
"5862150","Caravana","","bcm499","needs_manual_review"
"58935977","Carel Paris","","bcm499","needs_manual_review"
"10845712","Carhartt WIP","","bcm499","needs_manual_review"
"4009605","Carine Gilson","","bcm499","needs_manual_review"
"9086503","Carlo Moretti","","bcm499","needs_manual_review"
"12235199","CARNE BOLLENTE","","bcm499","needs_manual_review"
"319577","Carolina Herrera","","bcm499","needs_manual_review"
"1036266","Caroline Constas","","bcm499","needs_manual_review"
"124442008","Carolyne Roehm","","bcm499","needs_manual_review"
"12365031","CARRANO","","bcm499","needs_manual_review"
"117567009","Carrer","","bcm499","needs_manual_review"
"28725","Carrera","","bcm499","needs_manual_review"
"120150","Cartier","까르띠에","bcm499","reviewed_or_rule_based"
"11508550","Cartier Eyewear","까르띠에 아이웨어","bcm499","reviewed_or_rule_based"
"37722","Carven","","bcm499","needs_manual_review"
"50671","Carven Vintage","","bcm499","needs_manual_review"
"146502966","Casa Lopez","","bcm499","needs_manual_review"
"8603887","Casablanca","카사블랑카","bcm499","reviewed_or_rule_based"
"5190","Casadei","","bcm499","needs_manual_review"
"876185","Casey Casey","","bcm499","needs_manual_review"
"1022684","Cashmere In Love","","bcm499","needs_manual_review"
"27700797","Cassina","","bcm499","needs_manual_review"
"5755","Castañer","","bcm499","needs_manual_review"
"145918134","Catalina","","bcm499","needs_manual_review"
"13641981","catarzi","","bcm499","needs_manual_review"
"1058981","Caterina Lucchi","","bcm499","needs_manual_review"
"12355668","caterpillar","","bcm499","needs_manual_review"
"72746","Catherine Michiels","","bcm499","needs_manual_review"
"819081","Cathy Waterman","","bcm499","needs_manual_review"
"1038222","Cavalli Class","","bcm499","needs_manual_review"
"84485","Cazal","","bcm499","needs_manual_review"
"110127","Cecilia Prado","","bcm499","needs_manual_review"
"5319803","Cecilie Bahnsen","","bcm499","needs_manual_review"
"396355","Cédric Charlier","","bcm499","needs_manual_review"
"123926","Celine Pre-Owned","셀린느 프리오운드","bcm499","reviewed_or_rule_based"
"2521331","Celine Robert","","bcm499","needs_manual_review"
"7097430","Cenere GB","","bcm499","needs_manual_review"
"123620098","cent.ldn","","bcm499","needs_manual_review"
"18530698","CFCL","","bcm499","needs_manual_review"
"1859723","Champion","","bcm499","needs_manual_review"
"57889","CHANEL Pre-Owned","","bcm499","needs_manual_review"
"12077599","Chantelle","","bcm499","needs_manual_review"
"5282157","Charles Jeffrey Loverboy","","bcm499","needs_manual_review"
"145378278","CHARLES STONE","","bcm499","needs_manual_review"
"2541392","Charlotte Chesnais","","bcm499","needs_manual_review"
"6414991","Charo Ruiz Ibiza","","bcm499","needs_manual_review"
"36221381","Charriol","","bcm499","needs_manual_review"
"278142","Charvet Editions","","bcm499","needs_manual_review"
"8715341","Chasing Paper","","bcm499","needs_manual_review"
"12077614","Chaumet","","bcm499","needs_manual_review"
"221635","Chehoma","","bcm499","needs_manual_review"
"109720661","Cherry LA","","bcm499","needs_manual_review"
"247240","CHIARA BONI La Petite Robe","","bcm499","needs_manual_review"
"113040","Chiara Ferragni","","bcm499","needs_manual_review"
"2103","Chie Mihara","","bcm499","needs_manual_review"
"5853350","Chimi","","bcm499","needs_manual_review"
"51777","Chinti & Parker","","bcm499","needs_manual_review"
"136256986","Chio","","bcm499","needs_manual_review"
"2747","Chloé","끌로에","bcm499","reviewed_or_rule_based"
"5220351","Chloé Eyewear","끌로에 아이웨어","bcm499","reviewed_or_rule_based"
"2859906","Chloé Kids","끌로에 키즈","bcm499","reviewed_or_rule_based"
"104857703","Chloé Pre-Owned","끌로에 프리오운드","bcm499","reviewed_or_rule_based"
"92851","Chloé Vintage","끌로에 빈티지","bcm499","reviewed_or_rule_based"
"11091674","Chopard Eyewear","","bcm499","needs_manual_review"
"14657558","Chopard Pre-Owned","","bcm499","needs_manual_review"
"9193804","Chopova Lowena","","bcm499","needs_manual_review"
"50666","Christian Dior Pre-Owned","","bcm499","needs_manual_review"
"148476","Christian Lacroix Pre-Owned","","bcm499","needs_manual_review"
"76434","Christian Louboutin","크리스찬 루부탱","bcm499","reviewed_or_rule_based"
"104857184","Christian Louboutin Pre-Owned","크리스찬 루부탱 프리오운드","bcm499","reviewed_or_rule_based"
"6358","Christian Roth","","bcm499","needs_manual_review"
"13916","Christian Wijnants","","bcm499","needs_manual_review"
"107333190","Christina Lundsteen","","bcm499","needs_manual_review"
"12066883","Christofle","","bcm499","needs_manual_review"
"2954623","Christopher Esber","","bcm499","needs_manual_review"
"3539521","Chronoswiss","","bcm499","needs_manual_review"
"161679","Church's","","bcm499","needs_manual_review"
"1599050","Cia Marítima","","bcm499","needs_manual_review"
"121008062","Ciele","","bcm499","needs_manual_review"
"133296544","CIGALAS","","bcm499","needs_manual_review"
"345116","Ciner Vintage","","bcm499","needs_manual_review"
"3422322","Cinq A Sept","","bcm499","needs_manual_review"
"6415045","Circolo 1901","","bcm499","needs_manual_review"
"418704","Circus Hotel","","bcm499","needs_manual_review"
"30753530","CISCO ROMERO","","bcm499","needs_manual_review"
"26488","Citizens of Humanity","","bcm499","needs_manual_review"
"1558735","Cividini","","bcm499","needs_manual_review"
"348988","Claire English","","bcm499","needs_manual_review"
"863970","Clarks","","bcm499","needs_manual_review"
"12270179","Clarks Originals","","bcm499","needs_manual_review"
"6984","Claudie Pierlot","","bcm499","needs_manual_review"
"393230","Clergerie","","bcm499","needs_manual_review"
"7203376","Clips","","bcm499","needs_manual_review"
"12405","Closed","","bcm499","needs_manual_review"
"161131","Co","","bcm499","needs_manual_review"
"339767","Coach","","bcm499","needs_manual_review"
"7203237","Coccinelle","","bcm499","needs_manual_review"
"103269528","COLE BUXTON","","bcm499","needs_manual_review"
"4712512","Colmar","","bcm499","needs_manual_review"
"12270459","colorful standard","","bcm499","needs_manual_review"
"47078418","Columbia","","bcm499","needs_manual_review"
"11355128","colville","","bcm499","needs_manual_review"
"7199","Comme Des Garçons","꼼데가르송","bcm499","reviewed_or_rule_based"
"251057","Comme Des Garçons Comme Des Garçons","꼼데가르송 꼼데가르송","bcm499","reviewed_or_rule_based"
"1862611","Comme Des Garçons Girl","","bcm499","needs_manual_review"
"553309","Comme des Garçons Homme","","bcm499","needs_manual_review"
"413452","Comme des Garçons Homme Plus","","bcm499","needs_manual_review"
"14236","Comme Des Garçons Play","","bcm499","needs_manual_review"
"15429159","Comme Des Garçons Play x Converse","","bcm499","needs_manual_review"
"85114","Comme Des Garçons Pre-Owned","꼼데가르송 프리오운드","bcm499","reviewed_or_rule_based"
"6797","Comme Des Garçons Shirt","","bcm499","needs_manual_review"
"190614","Comme des Garçons TAO","","bcm499","needs_manual_review"
"1590566","Comme Des Garçons Wallet","","bcm499","needs_manual_review"
"89286039","Comme des Garçons x Salomon","","bcm499","needs_manual_review"
"14578179","Commission","","bcm499","needs_manual_review"
"2853","Common Projects","","bcm499","needs_manual_review"
"108369614","COMMUNS","","bcm499","needs_manual_review"
"135916731","Completedworks","","bcm499","needs_manual_review"
"32312860","CONCEPTO","","bcm499","needs_manual_review"
"121046903","CONTE OF FLORENCE","","bcm499","needs_manual_review"
"149262015","Contigo","","bcm499","needs_manual_review"
"2126","Converse","","bcm499","needs_manual_review"
"143756985","COOKUT","","bcm499","needs_manual_review"
"135111892","COOR","","bcm499","needs_manual_review"
"50875830","Copenhagen","","bcm499","needs_manual_review"
"128086514","Copenhagen Studios","","bcm499","needs_manual_review"
"10531791","Coperni","","bcm499","needs_manual_review"
"132075","Coppola E Toppo Vintage","","bcm499","needs_manual_review"
"127227206","CORAL BLUE","","bcm499","needs_manual_review"
"107415371","Cordera","","bcm499","needs_manual_review"
"14751040","Cordova","","bcm499","needs_manual_review"
"21566679","CORMIO","","bcm499","needs_manual_review"
"1417318","Cornelian Taurus By Daisuke Iwanaga","","bcm499","needs_manual_review"
"143788676","CORO CORA","","bcm499","needs_manual_review"
"150977019","Coromo Vintage","","bcm499","needs_manual_review"
"2144663","Cortana","","bcm499","needs_manual_review"
"7464651","Costarellos","","bcm499","needs_manual_review"
"219980","Costume National Vintage","","bcm499","needs_manual_review"
"963114","Côte&Ciel","","bcm499","needs_manual_review"
"60071472","COTOPAXI","","bcm499","needs_manual_review"
"574542","COUNTY OF MILAN","","bcm499","needs_manual_review"
"32705","Coup De Coeur","","bcm499","needs_manual_review"
"17431953","Courbet","","bcm499","needs_manual_review"
"711987","Courrèges","","bcm499","needs_manual_review"
"17119","Courrèges Pre-Owned","","bcm499","needs_manual_review"
"145718611","Cozy Crew Club","","bcm499","needs_manual_review"
"118047209","CRAFT","","bcm499","needs_manual_review"
"1749325","Craig Green","","bcm499","needs_manual_review"
"14682167","Crash Baggage","","bcm499","needs_manual_review"
"21142269","CRIDA","","bcm499","needs_manual_review"
"7398840","Crime London","","bcm499","needs_manual_review"
"103146871","CRISTALLINI","","bcm499","needs_manual_review"
"6261618","Cristina Savulescu","","bcm499","needs_manual_review"
"1225","Crocs","","bcm499","needs_manual_review"
"27705081","Crocs Kids","","bcm499","needs_manual_review"
"29135633","Crystal Haze","","bcm499","needs_manual_review"
"137212015","CU | LT ESSENCE","","bcm499","needs_manual_review"
"54876444","CU I SEEYOU","","bcm499","needs_manual_review"
"132228860","CuAnna","","bcm499","needs_manual_review"
"116162335","CUBA LAB","","bcm499","needs_manual_review"
"15464346","Cult","","bcm499","needs_manual_review"
"4757593","Cult Gaia","","bcm499","needs_manual_review"
"10353117","Culti Milano","","bcm499","needs_manual_review"
"124414826","Curiel","","bcm499","needs_manual_review"
"128733469","curiositè","","bcm499","needs_manual_review"
"1135657","Custommade","","bcm499","needs_manual_review"
"2749","Cutler & Gross","","bcm499","needs_manual_review"
"706","Cycle","","bcm499","needs_manual_review"
"253174","Cynthia Rowley","","bcm499","needs_manual_review"
"3947974","D.A.T.E.","","bcm499","needs_manual_review"
"198948","D.Exterior","","bcm499","needs_manual_review"
"465234","D.S. & Durga","","bcm499","needs_manual_review"
"645694","D'Orlan Vintage","","bcm499","needs_manual_review"
"11091672","Daily Paper","","bcm499","needs_manual_review"
"18288224","DALILA BARKACHE","","bcm499","needs_manual_review"
"43282176","Damiani","","bcm499","needs_manual_review"
"112945636","DAMSON MADDER","","bcm499","needs_manual_review"
"1527350","Dana Rebecca Designs","","bcm499","needs_manual_review"
"35978744","Danamé","","bcm499","needs_manual_review"
"154553782","Daniel & Mayer","","bcm499","needs_manual_review"
"908858","Daniel Wellington","","bcm499","needs_manual_review"
"103318","Daniela Gregis","","bcm499","needs_manual_review"
"57286","Daniele Fiesoli","","bcm499","needs_manual_review"
"12181373","Danton","","bcm499","needs_manual_review"
"8673307","Daou","","bcm499","needs_manual_review"
"21124687","Daphine","","bcm499","needs_manual_review"
"15464365","DARKAI","","bcm499","needs_manual_review"
"56616524","DARKPARK","","bcm499","needs_manual_review"
"130262399","DAVANTINO","","bcm499","needs_manual_review"
"124411890","David Fielden","","bcm499","needs_manual_review"
"396991","David Koma","","bcm499","needs_manual_review"
"122071","Day Birger Et Mikkelsen","","bcm499","needs_manual_review"
"93534903","Db","","bcm499","needs_manual_review"
"3846208","De Grisogono","","bcm499","needs_manual_review"
"14396258","DE JAEGHER","","bcm499","needs_manual_review"
"5048217","De La Vali","","bcm499","needs_manual_review"
"47758783","DE SIENA SHOES","","bcm499","needs_manual_review"
"5254536","Dear Frances","","bcm499","needs_manual_review"
"121049028","DEHA","","bcm499","needs_manual_review"
"61025950","Déhanche","","bcm499","needs_manual_review"
"5980044","Del Carlo","","bcm499","needs_manual_review"
"47761095","Del Core","","bcm499","needs_manual_review"
"136255010","Del Maar","","bcm499","needs_manual_review"
"14031802","DELAGE","","bcm499","needs_manual_review"
"6311370","Delalle","","bcm499","needs_manual_review"
"27638","Delfina Delettrez","","bcm499","needs_manual_review"
"313982","Delvaux Vintage","","bcm499","needs_manual_review"
"10838685","DeMellier","","bcm499","needs_manual_review"
"12972285","Denimist","","bcm499","needs_manual_review"
"86194","Denis Colomb","","bcm499","needs_manual_review"
"31149","DENTS","","bcm499","needs_manual_review"
"111430","Department 5","","bcm499","needs_manual_review"
"133913565","Derhy","","bcm499","needs_manual_review"
"39402202","DES PHEMMES","","bcm499","needs_manual_review"
"834559","Desa 1972","","bcm499","needs_manual_review"
"1625933","Desigual","","bcm499","needs_manual_review"
"94952","Destin","","bcm499","needs_manual_review"
"56808804","DESTREE","","bcm499","needs_manual_review"
"663959","Deus Ex Machina","","bcm499","needs_manual_review"
"11506905","Devotion","","bcm499","needs_manual_review"
"367856","Dezso","","bcm499","needs_manual_review"
"139415518","Di Gaia","","bcm499","needs_manual_review"
"13318","Diadora","","bcm499","needs_manual_review"
"781824","Diane Von Furstenberg Vintage","","bcm499","needs_manual_review"
"99954","DICKIES","","bcm499","needs_manual_review"
"8511175","Dickies Construct","","bcm499","needs_manual_review"
"4901571","Diega","","bcm499","needs_manual_review"
"151933350","DIEGO M","","bcm499","needs_manual_review"
"167082","Diemme","","bcm499","needs_manual_review"
"117198","Diesel","","bcm499","needs_manual_review"
"14535532","dime","","bcm499","needs_manual_review"
"121049138","DIMENSIONE DANZA","","bcm499","needs_manual_review"
"6523824","Dinny Hall","","bcm499","needs_manual_review"
"11232283","Dinosaur Designs","","bcm499","needs_manual_review"
"397187","Dion Lee","","bcm499","needs_manual_review"
"14254","Diptyque","","bcm499","needs_manual_review"
"10557466","Discord Yohji Yamamoto","","bcm499","needs_manual_review"
"3238594","District Vision","","bcm499","needs_manual_review"
"818200","Dita Eyewear","","bcm499","needs_manual_review"
"126908914","DITA Lancier","","bcm499","needs_manual_review"
"35898848","DiW (Designa Individual Watches)","","bcm499","needs_manual_review"
"12066571","Djula","","bcm499","needs_manual_review"
"171092","DKNY","","bcm499","needs_manual_review"
"83600274","DÔEN","","bcm499","needs_manual_review"
"3440","Dolce & Gabbana","돌체앤가바나","bcm499","reviewed_or_rule_based"
"5220385","Dolce & Gabbana Eyewear","돌체앤가바나 아이웨어","bcm499","reviewed_or_rule_based"
"130944","Dolce & Gabbana Pre-Owned","돌체앤가바나 프리오운드","bcm499","reviewed_or_rule_based"
"3947897","Dolci Follie","","bcm499","needs_manual_review"
"132152249","Domeniconi","","bcm499","needs_manual_review"
"111560809","Donde Esteban","","bcm499","needs_manual_review"
"1091","DONDUP","","bcm499","needs_manual_review"
"124439549","Donna Erre","","bcm499","needs_manual_review"
"43923","Donna Karan","","bcm499","needs_manual_review"
"2472411","Dorothee Schumacher","","bcm499","needs_manual_review"
"2982892","Doublet","","bcm499","needs_manual_review"
"185655","Doucal's","","bcm499","needs_manual_review"
"38662","Douuod","","bcm499","needs_manual_review"
"4359","Dove Nuotano Gli Squali","","bcm499","needs_manual_review"
"115078","Dovetusai","","bcm499","needs_manual_review"
"41649209","DOWER AND HALL","","bcm499","needs_manual_review"
"142072826","Dr Martens","","bcm499","needs_manual_review"
"248821","Dr. Martens","","bcm499","needs_manual_review"
"7016637","Dragon","","bcm499","needs_manual_review"
"36182","DRAGON DIFFUSION","","bcm499","needs_manual_review"
"123637590","DREAM CATCHER","","bcm499","needs_manual_review"
"89158164","DRHOPE","","bcm499","needs_manual_review"
"100335705","DRIES VAN NOTEN","드리스 반 노튼","bcm499","reviewed_or_rule_based"
"261567","Dries Van Noten Pre-Owned","드리스 반 노튼 프리오운드","bcm499","reviewed_or_rule_based"
"5224722","Drôle De Monsieur","","bcm499","needs_manual_review"
"34301","Drome","","bcm499","needs_manual_review"
"8364","Drumohr","","bcm499","needs_manual_review"
"11825","Drykorn","","bcm499","needs_manual_review"
"19003","DSQUARED2","","bcm499","needs_manual_review"
"5220371","DSQUARED2 EYEWEAR","","bcm499","needs_manual_review"
"12270694","ducie","","bcm499","needs_manual_review"
"14076779","Duffy Jewellery","","bcm499","needs_manual_review"
"147521577","DUNESI","","bcm499","needs_manual_review"
"126614","Dunhill","","bcm499","needs_manual_review"
"81411909","DUNST","","bcm499","needs_manual_review"
"50866792","Durazzi Milano","","bcm499","needs_manual_review"
"77463","Dusan","","bcm499","needs_manual_review"
"25370","DVF Diane von Furstenberg","","bcm499","needs_manual_review"
"121048031","DYNAFIT","","bcm499","needs_manual_review"
"130548","Ea7 Emporio Armani","","bcm499","needs_manual_review"
"529462","Each X Other","","bcm499","needs_manual_review"
"624465","Eastpak","","bcm499","needs_manual_review"
"85707969","EB Denim","","bcm499","needs_manual_review"
"12065594","Eberjey","","bcm499","needs_manual_review"
"43281608","ECCO","","bcm499","needs_manual_review"
"1855675","Eckhaus Latta","","bcm499","needs_manual_review"
"134916","Ecoalf","","bcm499","needs_manual_review"
"34036","Eddie Borgo","","bcm499","needs_manual_review"
"15464725","Editions Milano","","bcm499","needs_manual_review"
"10794082","EÉRA","","bcm499","needs_manual_review"
"3820505","Ef Collection","","bcm499","needs_manual_review"
"135601174","EGAN","","bcm499","needs_manual_review"
"660122","Eggs","","bcm499","needs_manual_review"
"12065467","Eight & Bob","","bcm499","needs_manual_review"
"3536942","Eileen Fisher","","bcm499","needs_manual_review"
"15862289","El Casco","","bcm499","needs_manual_review"
"123668580","Eleh","","bcm499","needs_manual_review"
"121047854","ELENA MIRÒ","","bcm499","needs_manual_review"
"90182444","Elena Velez","","bcm499","needs_manual_review"
"195900","Eleventy","","bcm499","needs_manual_review"
"4098831","ELHANATI","","bcm499","needs_manual_review"
"802221","Elie Saab","","bcm499","needs_manual_review"
"4409430","Elina Linardaki","","bcm499","needs_manual_review"
"751167","Elisabetta Franchi","","bcm499","needs_manual_review"
"315461","Elizabeth Taylor","","bcm499","needs_manual_review"
"145368579","ELLE SUNGLASSES","","bcm499","needs_manual_review"
"933272","Ellery","","bcm499","needs_manual_review"
"115870467","Ellesse","","bcm499","needs_manual_review"
"54276491","ELOU","","bcm499","needs_manual_review"
"129738496","ELY ELY","","bcm499","needs_manual_review"
"70074","Emanuel Ungaro Pre-Owned","","bcm499","needs_manual_review"
"25812","Emanuele Bicocchi","","bcm499","needs_manual_review"
"127227776","EMANUELLE VEE","","bcm499","needs_manual_review"
"102562292","EMILI","","bcm499","needs_manual_review"
"2044711","Emilia Wickstead","","bcm499","needs_manual_review"
"1132304","Emilio Schubert Vintage","","bcm499","needs_manual_review"
"17130","Emmanuelle Khanh","","bcm499","needs_manual_review"
"13219166","Emme Parsons","","bcm499","needs_manual_review"
"4165","Emporio Armani","","bcm499","needs_manual_review"
"240415","Emporio Armani Pre-Owned","","bcm499","needs_manual_review"
"18337982","Emporio Sirenuse","","bcm499","needs_manual_review"
"890719","Enfants Riches Déprimés","","bcm499","needs_manual_review"
"129197","Enrico Coveri Vintage","","bcm499","needs_manual_review"
"24303086","Enterprise Japan","","bcm499","needs_manual_review"
"66469452","ENTIRE STUDIOS","","bcm499","needs_manual_review"
"52650","Enza Costa","","bcm499","needs_manual_review"
"15035227","EO","","bcm499","needs_manual_review"
"112172","Épice","","bcm499","needs_manual_review"
"1659084","Epos","","bcm499","needs_manual_review"
"13434702","EQUE.M","","bcm499","needs_manual_review"
"80408","Equipment","","bcm499","needs_manual_review"
"32398","ERDEM","","bcm499","needs_manual_review"
"4167617","ERES","","bcm499","needs_manual_review"
"32923","Erika Cavallini","","bcm499","needs_manual_review"
"15079582","ERL","","bcm499","needs_manual_review"
"22286295","ERMANNO FIRENZE","","bcm499","needs_manual_review"
"65063","Ermanno Scervino","","bcm499","needs_manual_review"
"240297","Ermanno Scervino Vintage","","bcm499","needs_manual_review"
"145575","Escada Pre-Owned","","bcm499","needs_manual_review"
"9758366","Escada Sport","","bcm499","needs_manual_review"
"145377793","Esin Akan","","bcm499","needs_manual_review"
"124615406","Espadrilles","","bcm499","needs_manual_review"
"4038025","Essentiel Antwerp","","bcm499","needs_manual_review"
"156270216","ESTRAFALARIO","","bcm499","needs_manual_review"
"143786938","ETAM PARIS","","bcm499","needs_manual_review"
"106900091","ETERNE","","bcm499","needs_manual_review"
"89286040","ÉTERNE","","bcm499","needs_manual_review"
"125462508","ETHER","","bcm499","needs_manual_review"
"760746","Etnia Barcelona","","bcm499","needs_manual_review"
"10767858","Etoile","","bcm499","needs_manual_review"
"3877","ETRO","","bcm499","needs_manual_review"
"16979419","ETRO HOME","","bcm499","needs_manual_review"
"29460415","Etro Pre-Owned","","bcm499","needs_manual_review"
"217083","Etro Vintage","","bcm499","needs_manual_review"
"807277","Études Studio","","bcm499","needs_manual_review"
"129041","Eudon Choi","","bcm499","needs_manual_review"
"29711","Eugenia Kim","","bcm499","needs_manual_review"
"134437013","european culture","","bcm499","needs_manual_review"
"150908072","EVENU","","bcm499","needs_manual_review"
"2931244","extreme cashmere","","bcm499","needs_manual_review"
"1702246","Eyepetizer","","bcm499","needs_manual_review"
"85710013","Eyevan Inc.","","bcm499","needs_manual_review"
"1735371","Eyevan7285","","bcm499","needs_manual_review"
"13536566","Eyewear by David Beckham","","bcm499","needs_manual_review"
"125191664","F.It","","bcm499","needs_manual_review"
"2429813","F.R.S For Restless Sleepers","","bcm499","needs_manual_review"
"13105952","Faber-Castell","","bcm499","needs_manual_review"
"3846290","Fabergé","","bcm499","needs_manual_review"
"330188","Fabiana Filippi","","bcm499","needs_manual_review"
"121343032","Fabienne Chapot","","bcm499","needs_manual_review"
"76667","Fabrizio Mancini","","bcm499","needs_manual_review"
"4271109","Fabrizio Viti","","bcm499","needs_manual_review"
"6487703","Face À Face","","bcm499","needs_manual_review"
"113495997","FACE HIDE","","bcm499","needs_manual_review"
"109474324","FAÇON JACMIN","","bcm499","needs_manual_review"
"107638346","Factory900","","bcm499","needs_manual_review"
"136948183","FAE SWIM","","bcm499","needs_manual_review"
"13081578","Faithfull the Brand","","bcm499","needs_manual_review"
"20177","Faliero Sarti","","bcm499","needs_manual_review"
"192385","Falke","","bcm499","needs_manual_review"
"2725719","Family Affair","","bcm499","needs_manual_review"
"12219767","Family First","","bcm499","needs_manual_review"
"145974452","FANE","","bcm499","needs_manual_review"
"1989064","Farfetch Curates","","bcm499","needs_manual_review"
"935349","FARM Rio","","bcm499","needs_manual_review"
"83187640","FATBOY","","bcm499","needs_manual_review"
"111281450","Favorite Daughter","","bcm499","needs_manual_review"
"145915441","Favorite People","","bcm499","needs_manual_review"
"15146","Fay","","bcm499","needs_manual_review"
"1396825","Fear Of God","","bcm499","needs_manual_review"
"394507","FEAR OF GOD ESSENTIALS","","bcm499","needs_manual_review"
"187035","Fedeli","","bcm499","needs_manual_review"
"3574210","Federica Tosi","","bcm499","needs_manual_review"
"97498882","Femme La","","bcm499","needs_manual_review"
"84259709","FENDI","펜디","bcm499","reviewed_or_rule_based"
"70061","Fendi Pre-Owned","펜디 프리오운드","bcm499","reviewed_or_rule_based"
"14272526","Feng Chen Wang","","bcm499","needs_manual_review"
"14941539","FENTY","","bcm499","needs_manual_review"
"4890263","Fenty X Puma","","bcm499","needs_manual_review"
"192887","Fernando Jorge","","bcm499","needs_manual_review"
"120161","Ferragamo","페라가모","bcm499","reviewed_or_rule_based"
"5757850","Ferragamo Eyewear","페라가모 아이웨어","bcm499","reviewed_or_rule_based"
"120236","Ferragamo Pre-Owned","페라가모 프리오운드","bcm499","reviewed_or_rule_based"
"12075813","Ferrari","","bcm499","needs_manual_review"
"148811744","FERRE Milano","","bcm499","needs_manual_review"
"23669","Ferrino","","bcm499","needs_manual_review"
"152674535","FERSERA","","bcm499","needs_manual_review"
"13504210","Fferrone Design","","bcm499","needs_manual_review"
"112500303","Fie Isolde","","bcm499","needs_manual_review"
"4249434","Fila","","bcm499","needs_manual_review"
"6486612","Filippa K","","bcm499","needs_manual_review"
"794121","Filling Pieces","","bcm499","needs_manual_review"
"127954351","Filotto","","bcm499","needs_manual_review"
"8526","Filson","","bcm499","needs_manual_review"
"718315","Finamore 1925 Napoli","","bcm499","needs_manual_review"
"36156","Fiorentini +  Baker","","bcm499","needs_manual_review"
"130549456","FIORENTINI + BAKER","","bcm499","needs_manual_review"
"7834","Fiorucci","","bcm499","needs_manual_review"
"14856","Fisico","","bcm499","needs_manual_review"
"82112","Fjällräven","","bcm499","needs_manual_review"
"114449701","FLABELUS","","bcm499","needs_manual_review"
"752916","Flamingos","","bcm499","needs_manual_review"
"139357422","Flammarion","","bcm499","needs_manual_review"
"5866472","Flapper","","bcm499","needs_manual_review"
"12951072","FLATLIST","","bcm499","needs_manual_review"
"355990","Flavio Castellani","","bcm499","needs_manual_review"
"967568","Fleur Of England","","bcm499","needs_manual_review"
"18288230","FLORA BHATTACHARY","","bcm499","needs_manual_review"
"12075793","Flos","","bcm499","needs_manual_review"
"113381420","FLOWER MOUNTAIN","","bcm499","needs_manual_review"
"119184925","Flòwze","","bcm499","needs_manual_review"
"15035248","Floyd","","bcm499","needs_manual_review"
"27821","Fly London","","bcm499","needs_manual_review"
"1102838","Fob Paris","","bcm499","needs_manual_review"
"1034490","Folies By Renaud","","bcm499","needs_manual_review"
"310984","Fontana Vintage","","bcm499","needs_manual_review"
"2654971","For Love And Lemons","","bcm499","needs_manual_review"
"16742307","forBitches","","bcm499","needs_manual_review"
"173219","Forme D'expression","","bcm499","needs_manual_review"
"59394","Fornasetti","","bcm499","needs_manual_review"
"2312219","Forte Dei Marmi Couture","","bcm499","needs_manual_review"
"6815","Forte Forte","","bcm499","needs_manual_review"
"5516150","Fortela","","bcm499","needs_manual_review"
"118815136","FOSSIL","","bcm499","needs_manual_review"
"140046669","FOUND","","bcm499","needs_manual_review"
"136963903","Fourth Street","","bcm499","needs_manual_review"
"6928347","FPM Milano","","bcm499","needs_manual_review"
"462332","Fracap","","bcm499","needs_manual_review"
"486351","FRACOMINA","","bcm499","needs_manual_review"
"858952","FRAME","","bcm499","needs_manual_review"
"4170073","Frame Chain","","bcm499","needs_manual_review"
"6114000","Francesca Villa","","bcm499","needs_manual_review"
"1684263","Francesco Russo","","bcm499","needs_manual_review"
"3539531","Franck Muller","","bcm499","needs_manual_review"
"10413682","Françoise","","bcm499","needs_manual_review"
"12052770","Frankies Bikinis","","bcm499","needs_manual_review"
"353380","Franz Marfurt Lucerne","","bcm499","needs_manual_review"
"82214","Franzi","","bcm499","needs_manual_review"
"151080227","FRAU","","bcm499","needs_manual_review"
"11563645","Fred","","bcm499","needs_manual_review"
"8479","Fred Perry","","bcm499","needs_manual_review"
"151581364","FREDDY","","bcm499","needs_manual_review"
"82111954","Fredericia Furniture","","bcm499","needs_manual_review"
"3846174","Frederique Constant","","bcm499","needs_manual_review"
"240692","Free People","","bcm499","needs_manual_review"
"7251970","Frenckenberger","","bcm499","needs_manual_review"
"1187756","Frency & Mercury","","bcm499","needs_manual_review"
"6393986","Frenken","","bcm499","needs_manual_review"
"132990695","FROM FUTURE","","bcm499","needs_manual_review"
"123616135","Fry Powers","","bcm499","needs_manual_review"
"725381","Furla","","bcm499","needs_manual_review"
"12269675","FURLING BY GIANI","","bcm499","needs_manual_review"
"4052584","Fusalp","","bcm499","needs_manual_review"
"3420689","FUSION","","bcm499","needs_manual_review"
"477831","G Lab","","bcm499","needs_manual_review"
"2113","G-Star RAW","","bcm499","needs_manual_review"
"12270680","G.H.Bass","","bcm499","needs_manual_review"
"39541892","G.O.D Eyewear","","bcm499","needs_manual_review"
"3272191","Gabriela Hearst","","bcm499","needs_manual_review"
"1264072","Gabriele Frantzen","","bcm499","needs_manual_review"
"41711485","Gaby Charbachy","","bcm499","needs_manual_review"
"124615200","Gaelle","","bcm499","needs_manual_review"
"5048084","Gaelle Khouri","","bcm499","needs_manual_review"
"148589123","GALIA LAHAV","","bcm499","needs_manual_review"
"12582569","GALLERY DEPT.","","bcm499","needs_manual_review"
"673","Gallo","","bcm499","needs_manual_review"
"1449159","Galvan London","","bcm499","needs_manual_review"
"1511102","GANNI","가니","bcm499","reviewed_or_rule_based"
"111633","Gant","","bcm499","needs_manual_review"
"149012107","GAP","","bcm499","needs_manual_review"
"100596072","Gardeco","","bcm499","needs_manual_review"
"126277203","Garlando","","bcm499","needs_manual_review"
"10127343","Garmin","","bcm499","needs_manual_review"
"303346","Garrett Leight","","bcm499","needs_manual_review"
"518671","Gas Bijoux","","bcm499","needs_manual_review"
"50449784","Gast","","bcm499","needs_manual_review"
"140103116","Gattinolli by Marwan","","bcm499","needs_manual_review"
"1684255","Gauchère","","bcm499","needs_manual_review"
"141801698","Gaudi","","bcm499","needs_manual_review"
"11875906","GAUGE81","","bcm499","needs_manual_review"
"2934096","GCDS","","bcm499","needs_manual_review"
"1322149","Gedebe","","bcm499","needs_manual_review"
"103727402","Gejst","","bcm499","needs_manual_review"
"314074","Genny","","bcm499","needs_manual_review"
"1754583","Genny Vintage","","bcm499","needs_manual_review"
"1612751","Gentle Monster","","bcm499","needs_manual_review"
"1229820","Gentry Portofino","","bcm499","needs_manual_review"
"81243","Georg Jensen","","bcm499","needs_manual_review"
"148350025","GEORGE.","","bcm499","needs_manual_review"
"51206574","GEORGES HOBEIKA","","bcm499","needs_manual_review"
"6117139","Geox","","bcm499","needs_manual_review"
"136083345","Gervasoni 1882","","bcm499","needs_manual_review"
"82083","Gestalten","","bcm499","needs_manual_review"
"183331","Gestuz","","bcm499","needs_manual_review"
"115886472","Ghayme","","bcm499","needs_manual_review"
"350874","Gherardini","","bcm499","needs_manual_review"
"10741109","Ghidini 1961","","bcm499","needs_manual_review"
"5445699","GHŌUD","","bcm499","needs_manual_review"
"4576739","GIABORGHINI","","bcm499","needs_manual_review"
"2942912","Giada Benincasa","","bcm499","needs_manual_review"
"15203","Giambattista Valli","","bcm499","needs_manual_review"
"120220","Gianfranco Ferré Pre-Owned","","bcm499","needs_manual_review"
"148371","Gianfranco Ferre Studio Vintage","","bcm499","needs_manual_review"
"48435","Gianluca Capannolo","","bcm499","needs_manual_review"
"11915415","GIANNI CHIARINI","","bcm499","needs_manual_review"
"21103","Gianvito Rossi","지안비토 로시","bcm499","reviewed_or_rule_based"
"791539","Gigi Burris Millinery","","bcm499","needs_manual_review"
"18083098","GIGI STUDIOS","","bcm499","needs_manual_review"
"967582","Gilda & Pearl","","bcm499","needs_manual_review"
"140083128","Gilles Dufour","","bcm499","needs_manual_review"
"15613935","Gimaguas","","bcm499","needs_manual_review"
"139324008","Gina Corrieri","","bcm499","needs_manual_review"
"4828903","GINETTE NY","","bcm499","needs_manual_review"
"15415110","GINISSIMA","","bcm499","needs_manual_review"
"13246745","GINORI 1735","","bcm499","needs_manual_review"
"94517","Gio' Guerreri","","bcm499","needs_manual_review"
"106911","Giorgio Armani","","bcm499","needs_manual_review"
"85148","Giorgio Armani Pre-Owned","","bcm499","needs_manual_review"
"149135325","gioseppo","","bcm499","needs_manual_review"
"16259213","Giovanni Bedin","","bcm499","needs_manual_review"
"16273929","Girard-Perregaux Pre-Owned","","bcm499","needs_manual_review"
"10678658","Girlfriend Collective","","bcm499","needs_manual_review"
"4512438","Giuliano Galiano","","bcm499","needs_manual_review"
"5869189","Giuseppe Di Morabito","","bcm499","needs_manual_review"
"4347","Giuseppe Zanotti","","bcm499","needs_manual_review"
"944732","Giuseppe Zanotti Vintage","","bcm499","needs_manual_review"
"3064","Givenchy","지방시","bcm499","reviewed_or_rule_based"
"5321180","Givenchy Eyewear","지방시 아이웨어","bcm499","reviewed_or_rule_based"
"120195","Givenchy Pre-Owned","지방시 프리오운드","bcm499","reviewed_or_rule_based"
"501762","Glorinha Paranaguá","","bcm499","needs_manual_review"
"4660753","GmbH","","bcm499","needs_manual_review"
"84248842","GOD'S TRUE CASHMERE","","bcm499","needs_manual_review"
"4212921","Goen.J","","bcm499","needs_manual_review"
"111488586","Gohar World","","bcm499","needs_manual_review"
"115889232","Gold & Rouge","","bcm499","needs_manual_review"
"2682707","Gold And Wood","","bcm499","needs_manual_review"
"51359","Gold Hawk","","bcm499","needs_manual_review"
"14269552","Goldbergh","","bcm499","needs_manual_review"
"353940","Golden Goose","골든구스","bcm499","reviewed_or_rule_based"
"33021","GOLDSIGN","","bcm499","needs_manual_review"
"17991730","Goldwin","","bcm499","needs_manual_review"
"125060044","Golftini","","bcm499","needs_manual_review"
"136283936","Gondolina","","bcm499","needs_manual_review"
"141947407","Gongdid Design","","bcm499","needs_manual_review"
"12065222","Good American","","bcm499","needs_manual_review"
"5040011","Goossens","","bcm499","needs_manual_review"
"751087","GOSHA RUBCHINSKIY","","bcm499","needs_manual_review"
"32037715","Goshwara","","bcm499","needs_manual_review"
"4814725","Gouverneur Audigier","","bcm499","needs_manual_review"
"2724734","Goyard Pre-Owned","","bcm499","needs_manual_review"
"147272669","Grace Ling","","bcm499","needs_manual_review"
"12075704","Graf von Faber-Castell","","bcm499","needs_manual_review"
"10343095","Gramicci","","bcm499","needs_manual_review"
"915037","Gran Sasso","","bcm499","needs_manual_review"
"16027272","graziela","","bcm499","needs_manual_review"
"141787933","GREGORY","","bcm499","needs_manual_review"
"29180","Grey Ant","","bcm499","needs_manual_review"
"756091","Gripoix","","bcm499","needs_manual_review"
"155237809","Gritti Venetia","","bcm499","needs_manual_review"
"155816244","Grossé","","bcm499","needs_manual_review"
"525856","Grosse Vintage","","bcm499","needs_manual_review"
"149012361","GROUNDIES","","bcm499","needs_manual_review"
"116745603","GROUNDS","","bcm499","needs_manual_review"
"25354","Gucci","구찌","bcm499","reviewed_or_rule_based"
"3494667","Gucci Eyewear","구찌 아이웨어","bcm499","reviewed_or_rule_based"
"120257","Gucci Pre-Owned","구찌 프리오운드","bcm499","reviewed_or_rule_based"
"79566","Gudrun & Gudrun","","bcm499","needs_manual_review"
"27561070","GUESS EYEWEAR","","bcm499","needs_manual_review"
"82306358","GUESS USA","","bcm499","needs_manual_review"
"68859206","Guest In Residence","","bcm499","needs_manual_review"
"15672057","GUFRAM","","bcm499","needs_manual_review"
"85606","Guidi","","bcm499","needs_manual_review"
"120177","Guy Laroche Pre-Owned","","bcm499","needs_manual_review"
"136271099","Haglöfs","","bcm499","needs_manual_review"
"115662120","Hai","","bcm499","needs_manual_review"
"4300122","Haight","","bcm499","needs_manual_review"
"6840748","Haikure","","bcm499","needs_manual_review"
"48822","Hale Bob","","bcm499","needs_manual_review"
"50952689","Halfboy","","bcm499","needs_manual_review"
"11507335","Halmanera","","bcm499","needs_manual_review"
"123352325","HALOS","","bcm499","needs_manual_review"
"24299727","HAMZA","","bcm499","needs_manual_review"
"819560","Han Kjøbenhavn","","bcm499","needs_manual_review"
"78755870","HANDSOME STOCKHOLM","","bcm499","needs_manual_review"
"12075487","Hanro","","bcm499","needs_manual_review"
"143803076","HAOMY","","bcm499","needs_manual_review"
"24301665","HARDOT","","bcm499","needs_manual_review"
"142856","Harris Wharf London","","bcm499","needs_manual_review"
"124444175","Harry Halgo","","bcm499","needs_manual_review"
"14961795","Harwell Godfrey","","bcm499","needs_manual_review"
"125126139","Hasami Porcelain","","bcm499","needs_manual_review"
"127339","Havaianas","","bcm499","needs_manual_review"
"114464","HAY","","bcm499","needs_manual_review"
"118532073","Heaven Mayhem","","bcm499","needs_manual_review"
"139866107","HEAVENLY JELLY","","bcm499","needs_manual_review"
"6311367","Hebe Studio","","bcm499","needs_manual_review"
"12264892","Hector Saxe","","bcm499","needs_manual_review"
"4409381","Hed Mayner","","bcm499","needs_manual_review"
"1379916","Heidi Klein","","bcm499","needs_manual_review"
"154552694","Heimstone vintage","","bcm499","needs_manual_review"
"99039408","Heirlome","","bcm499","needs_manual_review"
"12075446","Helen Kaminski","","bcm499","needs_manual_review"
"17614","Helene Zubeldia","","bcm499","needs_manual_review"
"8551085","HELIOT EMIL","","bcm499","needs_manual_review"
"104174168","HELLSTAR","","bcm499","needs_manual_review"
"16260890","Helly Hansen","","bcm499","needs_manual_review"
"3414","Helmut Lang","","bcm499","needs_manual_review"
"212867","Helmut Lang Pre-Owned","","bcm499","needs_manual_review"
"6112167","Hemant And Nandita","","bcm499","needs_manual_review"
"1464721","Hender Scheme","","bcm499","needs_manual_review"
"236096","Henderson Baracco","","bcm499","needs_manual_review"
"2207","Henrik Vibskov","","bcm499","needs_manual_review"
"124444258","Henry Bendel","","bcm499","needs_manual_review"
"6499177","Hereu","","bcm499","needs_manual_review"
"70015","Hermès Pre-Owned","에르메스 프리오운드","bcm499","reviewed_or_rule_based"
"67136","Herno","에르노","bcm499","reviewed_or_rule_based"
"5010293","Heron Preston","","bcm499","needs_manual_review"
"2682722","Herrlicht","","bcm499","needs_manual_review"
"89623","Herschel Supply Co.","","bcm499","needs_manual_review"
"99927334","HERSKIND","","bcm499","needs_manual_review"
"5961263","Hervé Chapelier","","bcm499","needs_manual_review"
"107817551","Herve Leger","","bcm499","needs_manual_review"
"16544","Hervé Léger","","bcm499","needs_manual_review"
"70022","Hervé Léger Pre-Owned","","bcm499","needs_manual_review"
"128086761","Herzen's Angelegenheit","","bcm499","needs_manual_review"
"126388569","HestiaLiving","","bcm499","needs_manual_review"
"816414","Hettabretz","","bcm499","needs_manual_review"
"7270307","Hibourama","","bcm499","needs_manual_review"
"5227889","Hide&Jack","","bcm499","needs_manual_review"
"121347309","HIDESINS","","bcm499","needs_manual_review"
"13932380","hidnander","","bcm499","needs_manual_review"
"4595","High","","bcm499","needs_manual_review"
"101033807","High Sport","","bcm499","needs_manual_review"
"108039291","Hiking Patrol","","bcm499","needs_manual_review"
"128088932","Himalaya Clothing","","bcm499","needs_manual_review"
"99268939","HODAKOVA","","bcm499","needs_manual_review"
"22055797","Hoff","","bcm499","needs_manual_review"
"55242","Hogan","","bcm499","needs_manual_review"
"5048225","HOKA","","bcm499","needs_manual_review"
"38992914","Hollister","","bcm499","needs_manual_review"
"132061093","HOMIES","","bcm499","needs_manual_review"
"2318729","Homme Plissé Issey Miyake","","bcm499","needs_manual_review"
"143818213","Honoré","","bcm499","needs_manual_review"
"39961456","HOORSENBUHS","","bcm499","needs_manual_review"
"149011475","Horsefeathers","","bcm499","needs_manual_review"
"15418897","Horus Watch Straps","","bcm499","needs_manual_review"
"225005","Hoss Intropia","","bcm499","needs_manual_review"
"143806594","HOUSE OF CAPRICORN","","bcm499","needs_manual_review"
"11098394","House of Sunny","","bcm499","needs_manual_review"
"712485","Htc Los Angeles","","bcm499","needs_manual_review"
"3543101","Hublot","","bcm499","needs_manual_review"
"12443344","HUGO","","bcm499","needs_manual_review"
"8790138","Hugo Boss Br","","bcm499","needs_manual_review"
"28785170","Hugo Kreit","","bcm499","needs_manual_review"
"475035","Hui Hui","","bcm499","needs_manual_review"
"118725462","HUI MILANO","","bcm499","needs_manual_review"
"308350","Huishan Zhang","","bcm499","needs_manual_review"
"5227897","hum","","bcm499","needs_manual_review"
"522575","Human Made","","bcm499","needs_manual_review"
"26783","Humanoid","","bcm499","needs_manual_review"
"42570","Hummel","","bcm499","needs_manual_review"
"25389","Hunter","","bcm499","needs_manual_review"
"6893042","Hunza G","","bcm499","needs_manual_review"
"127738751","HUTSCHENREUTHER","","bcm499","needs_manual_review"
"121692465","I BLUES","","bcm499","needs_manual_review"
"967576","I.D. Sarrieri","","bcm499","needs_manual_review"
"14041","I'M Isola Marras","","bcm499","needs_manual_review"
"130273073","IACOPA","","bcm499","needs_manual_review"
"14130010","IBELIV","","bcm499","needs_manual_review"
"12274355","IBRIGU","","bcm499","needs_manual_review"
"7313412","Ic! Berlin","","bcm499","needs_manual_review"
"97193","Iceberg","","bcm499","needs_manual_review"
"51369325","icebreaker","","bcm499","needs_manual_review"
"38643677","ICECREAM","","bcm499","needs_manual_review"
"21871444","Ichendorf Milano","","bcm499","needs_manual_review"
"149053204","ICHI","","bcm499","needs_manual_review"
"21870917","ICON DENIM","","bcm499","needs_manual_review"
"132509414","ID.EIGHT","","bcm499","needs_manual_review"
"5048192","Ienki Ienki","","bcm499","needs_manual_review"
"145371537","iGreen","","bcm499","needs_manual_review"
"31201379","IHUOMA","","bcm499","needs_manual_review"
"6717077","Il Bisonte","","bcm499","needs_manual_review"
"127744371","IL VOLO","","bcm499","needs_manual_review"
"84275246","Ilaria Icardi","","bcm499","needs_manual_review"
"156388","Imogen Belfield","","bcm499","needs_manual_review"
"540174","Imogene + Willie","","bcm499","needs_manual_review"
"12270270","IN BED WITH YOU","","bcm499","needs_manual_review"
"113380774","INBETWEENERS","","bcm499","needs_manual_review"
"122594692","Incausa","","bcm499","needs_manual_review"
"3762671","Incentive! Cashmere","","bcm499","needs_manual_review"
"73456","Incotex","","bcm499","needs_manual_review"
"481517","Indress","","bcm499","needs_manual_review"
"73192","Inès & Maréchal","","bcm499","needs_manual_review"
"3747777","Ines De La Fressange","","bcm499","needs_manual_review"
"130555201","INK SHOES","","bcm499","needs_manual_review"
"8663370","Innerraum","","bcm499","needs_manual_review"
"123263937","INOOK","","bcm499","needs_manual_review"
"120790352","INTO THE EAST","","bcm499","needs_manual_review"
"197882","Intrecci","","bcm499","needs_manual_review"
"5683886","Inuikii","","bcm499","needs_manual_review"
"134103284","INUOVO","","bcm499","needs_manual_review"
"4966051","Ioana Ciolacu","","bcm499","needs_manual_review"
"123611645","Iois","","bcm499","needs_manual_review"
"31427","Iosselliani","","bcm499","needs_manual_review"
"128544512","IRINA VOINEA","","bcm499","needs_manual_review"
"13815570","Iris Serban","","bcm499","needs_manual_review"
"1739798","Iris Von Arnim","","bcm499","needs_manual_review"
"4510463","Irresistor","","bcm499","needs_manual_review"
"17177001","Isa Boulder","","bcm499","needs_manual_review"
"90028","Isaac Sellam Experience","","bcm499","needs_manual_review"
"155832","Isabel Benenato","","bcm499","needs_manual_review"
"13943","ISABEL MARANT","이자벨 마랑","bcm499","reviewed_or_rule_based"
"21816207","Isabel Marant Eyewear","이자벨 마랑 아이웨어","bcm499","reviewed_or_rule_based"
"4399750","Isabelle Blanche","","bcm499","needs_manual_review"
"1047332","Issey Miyake","","bcm499","needs_manual_review"
"85089","Issey Miyake Pre-Owned","","bcm499","needs_manual_review"
"4599031","IVI","","bcm499","needs_manual_review"
"94441638","IVV","","bcm499","needs_manual_review"
"3539535","IWC Schaffhausen","","bcm499","needs_manual_review"
"80314415","IXIAH","","bcm499","needs_manual_review"
"125322401","Izabel Display","","bcm499","needs_manual_review"
"79318785","J.LAL","","bcm499","needs_manual_review"
"21646","J.Lindeberg","","bcm499","needs_manual_review"
"5282173","J&M Davidson","","bcm499","needs_manual_review"
"122904222","JACK WOLFSKIN","","bcm499","needs_manual_review"
"40538","Jacob Cohën","","bcm499","needs_manual_review"
"149020559","Jacqueline De Yong","","bcm499","needs_manual_review"
"889006","Jacquemus","자크뮈스","bcm499","reviewed_or_rule_based"
"115034233","Jacquemus Pre-Owned","자크뮈스 프리오운드","bcm499","reviewed_or_rule_based"
"2096313","Jacques Marie Mage","","bcm499","needs_manual_review"
"33511","Jacquie Aiche","","bcm499","needs_manual_review"
"347366","Jade Jagger","","bcm499","needs_manual_review"
"3539536","Jaeger-LeCoultre","","bcm499","needs_manual_review"
"26324","James Perse","","bcm499","needs_manual_review"
"15765","Jamin Puech","","bcm499","needs_manual_review"
"1347661","Janessa Leone","","bcm499","needs_manual_review"
"262253","Jason Wu","","bcm499","needs_manual_review"
"210145","JC de Castelbajac Pre-Owned","","bcm499","needs_manual_review"
"143925105","JcSophie","","bcm499","needs_manual_review"
"124619914","Je t'aime Milano|Woman","","bcm499","needs_manual_review"
"119426127","Jean Dubost Laguiole","","bcm499","needs_manual_review"
"48640","Jean Louis Scherrer Pre-Owned","","bcm499","needs_manual_review"
"6832","Jean Paul Gaultier","","bcm499","needs_manual_review"
"85073","Jean Paul Gaultier Pre-Owned","","bcm499","needs_manual_review"
"75722810","JEAN-LOUIS SABAJI","","bcm499","needs_manual_review"
"82355","Jean-Michel Cazabat","","bcm499","needs_manual_review"
"10359653","Jeanerica","","bcm499","needs_manual_review"
"101010","Jeffrey Campbell","","bcm499","needs_manual_review"
"61470","Jejia","","bcm499","needs_manual_review"
"126946","Jennifer Behr","","bcm499","needs_manual_review"
"4048004","Jennifer Chamandi","","bcm499","needs_manual_review"
"41710351","Jennifer Gibson Jewellery","","bcm499","needs_manual_review"
"94155","Jenny Bird","","bcm499","needs_manual_review"
"958337","Jenny Packham","","bcm499","needs_manual_review"
"84031","Jérôme Dreyfuss","","bcm499","needs_manual_review"
"18141359","JIA JIA","","bcm499","needs_manual_review"
"3066","Jil Sander","질샌더","bcm499","reviewed_or_rule_based"
"85087","Jil Sander Pre-Owned","질샌더 프리오운드","bcm499","reviewed_or_rule_based"
"118865022","JIL SANDER+","질샌더+","bcm499","reviewed_or_rule_based"
"120739","Jimmy Choo","","bcm499","needs_manual_review"
"5224130","Jimmy Choo Eyewear","","bcm499","needs_manual_review"
"104857680","Jimmy Choo Pre-Owned","","bcm499","needs_manual_review"
"3020906","Johanna Ortiz","","bcm499","needs_manual_review"
"5426152","John Dalia","","bcm499","needs_manual_review"
"212846","John Galliano Pre-Owned","","bcm499","needs_manual_review"
"15776","John Richmond","","bcm499","needs_manual_review"
"12064709","Johnstons of Elgin","","bcm499","needs_manual_review"
"1168391","Jonathan Adler","","bcm499","needs_manual_review"
"11507986","Joop!","","bcm499","needs_manual_review"
"6687111","Jordan","","bcm499","needs_manual_review"
"13623392","JORDANLUCA","","bcm499","needs_manual_review"
"3846407","Jorg Hysek","","bcm499","needs_manual_review"
"5235583","Josef Miller","","bcm499","needs_manual_review"
"20420","JOSEPH","","bcm499","needs_manual_review"
"12075311","Joseph Joseph","","bcm499","needs_manual_review"
"136270630","Joseph Ribkoff","","bcm499","needs_manual_review"
"3543915","Jovonna","","bcm499","needs_manual_review"
"442798","Jucca","","bcm499","needs_manual_review"
"118315014","Jude","","bcm499","needs_manual_review"
"3746","Juicy Couture","","bcm499","needs_manual_review"
"100966","Julien David","","bcm499","needs_manual_review"
"5368096","Julien Macdonald","","bcm499","needs_manual_review"
"75885664","JULIETTA","","bcm499","needs_manual_review"
"49644897","JULIUS TART OPTICAL","","bcm499","needs_manual_review"
"396996","Junya Watanabe","","bcm499","needs_manual_review"
"534588","Junya Watanabe Comme des Garçons Pre-Owned","","bcm499","needs_manual_review"
"297890","Just Cavalli","","bcm499","needs_manual_review"
"991245","Just Cavalli Vintage","","bcm499","needs_manual_review"
"1085237","Just Don","","bcm499","needs_manual_review"
"7008779","Justine Clenquet","","bcm499","needs_manual_review"
"94803","Juun.J","","bcm499","needs_manual_review"
"1217171","Juvia","","bcm499","needs_manual_review"
"108827250","Juwelina Paris","","bcm499","needs_manual_review"
"991","JW Anderson","","bcm499","needs_manual_review"
"93159556","JW Pei","","bcm499","needs_manual_review"
"2821889","K Way Kids","","bcm499","needs_manual_review"
"108865","K-Swiss","","bcm499","needs_manual_review"
"38928793","K-Way","","bcm499","needs_manual_review"
"16295","K. Jacques","","bcm499","needs_manual_review"
"118583525","Kador","","bcm499","needs_manual_review"
"4901533","Kaleos","","bcm499","needs_manual_review"
"10190404","Kame Mannen","","bcm499","needs_manual_review"
"122670","Kangol","","bcm499","needs_manual_review"
"170251","Kangra","","bcm499","needs_manual_review"
"209846","Kansai Yamamoto Pre-Owned","","bcm499","needs_manual_review"
"12910272","kaos","","bcm499","needs_manual_review"
"118861424","KAP Company","","bcm499","needs_manual_review"
"91140","KAPITAL","","bcm499","needs_manual_review"
"4461170","Kappa","","bcm499","needs_manual_review"
"13504222","Karakter","","bcm499","needs_manual_review"
"13504230","Karen Chekerdjian Studio","","bcm499","needs_manual_review"
"3525371","Karhu","","bcm499","needs_manual_review"
"11502171","karl kani","","bcm499","needs_manual_review"
"18741","Karl Lagerfeld","","bcm499","needs_manual_review"
"11877000","Karl Lagerfeld Jeans","","bcm499","needs_manual_review"
"121839","Karl Lagerfeld Vintage","","bcm499","needs_manual_review"
"55364","Karlsson","","bcm499","needs_manual_review"
"85545178","KARMAN","","bcm499","needs_manual_review"
"121046717","KARPOS","","bcm499","needs_manual_review"
"7389341","KASSL Editions","","bcm499","needs_manual_review"
"4445805","Kasun London","","bcm499","needs_manual_review"
"139985","Kat Maconie","","bcm499","needs_manual_review"
"5626168","Kate Cate","","bcm499","needs_manual_review"
"516688","Kate Spade","","bcm499","needs_manual_review"
"18221983","Kay Bojesen","","bcm499","needs_manual_review"
"12075207","Kaymet","","bcm499","needs_manual_review"
"53024429","KEEN FOOTWEAR","","bcm499","needs_manual_review"
"120147","Ken Scott Vintage","","bcm499","needs_manual_review"
"653440","Kennel & Schmenger","","bcm499","needs_manual_review"
"129382","Kenneth Jay Lane","","bcm499","needs_manual_review"
"575827","Kenneth Jay Lane Vintage","","bcm499","needs_manual_review"
"8880","Kenzo","","bcm499","needs_manual_review"
"131414","Kenzo Pre-Owned","","bcm499","needs_manual_review"
"4775782","KHAITE","케이트","bcm499","reviewed_or_rule_based"
"89285643","KHAITE x Oliver Peoples","","bcm499","needs_manual_review"
"113510622","KHOKI","","bcm499","needs_manual_review"
"6965511","Khrisjoy","","bcm499","needs_manual_review"
"143787258","KIADE","","bcm499","needs_manual_review"
"42797195","KidSuper","","bcm499","needs_manual_review"
"12499679","Kiki McDonough","","bcm499","needs_manual_review"
"6554465","Kiko Kostadinov","","bcm499","needs_manual_review"
"3543916","Kiltie","","bcm499","needs_manual_review"
"124436137","KIMA","","bcm499","needs_manual_review"
"130550148","KING TARTUFOLI SHOES","","bcm499","needs_manual_review"
"17826418","Kinraden","","bcm499","needs_manual_review"
"1028807","Kinross Cashmere","","bcm499","needs_manual_review"
"153646753","KIÓHNE","","bcm499","needs_manual_review"
"89903188","KITAGI","","bcm499","needs_manual_review"
"195563","Kiton","","bcm499","needs_manual_review"
"82111840","KLIMCHI","","bcm499","needs_manual_review"
"84707785","knindustrie","","bcm499","needs_manual_review"
"10335124","KNWLS","","bcm499","needs_manual_review"
"123630042","Kocca","","bcm499","needs_manual_review"
"65143","Kolor","","bcm499","needs_manual_review"
"49772791","Kolours","","bcm499","needs_manual_review"
"121047928","KOMPERDELL","","bcm499","needs_manual_review"
"47033647","Konges Sløjd","","bcm499","needs_manual_review"
"152512084","KOSE","","bcm499","needs_manual_review"
"2390003","Krewe Du Optic","","bcm499","needs_manual_review"
"12754","Kristensen Du Nord","","bcm499","needs_manual_review"
"99146","Kristina Ti","","bcm499","needs_manual_review"
"338527","Krizia Pre-Owned","","bcm499","needs_manual_review"
"148507086","KROLL","","bcm499","needs_manual_review"
"72940095","Kross Studio","","bcm499","needs_manual_review"
"6048","Ksubi","","bcm499","needs_manual_review"
"405105","Kuboraum","","bcm499","needs_manual_review"
"16259155","kujten","","bcm499","needs_manual_review"
"123353274","KUNDO","","bcm499","needs_manual_review"
"186358","Kuro","","bcm499","needs_manual_review"
"13357914","Kurt Geiger","","bcm499","needs_manual_review"
"1500948","Kurt Geiger London","","bcm499","needs_manual_review"
"1086067","KYme","","bcm499","needs_manual_review"
"18222067","L.A. EYEWORKS","","bcm499","needs_manual_review"
"50695","L.G.R","","bcm499","needs_manual_review"
"83685","L'Agence","","bcm499","needs_manual_review"
"5692","L'Autre Chose","","bcm499","needs_manual_review"
"78224100","L'IDÉE","","bcm499","needs_manual_review"
"1060575","L'Objet","","bcm499","needs_manual_review"
"129236123","L'OCA NERA","","bcm499","needs_manual_review"
"124383781","L8 Studio","","bcm499","needs_manual_review"
"89286028","La Boite concept","","bcm499","needs_manual_review"
"136019212","La Botte Gardiane","","bcm499","needs_manual_review"
"126232688","LA BOTTEGA DI LISA","","bcm499","needs_manual_review"
"4988134","La Carrie","","bcm499","needs_manual_review"
"3621211","La DoubleJ","","bcm499","needs_manual_review"
"128515111","La Julie Cashmere","","bcm499","needs_manual_review"
"2332104","La Mania","","bcm499","needs_manual_review"
"15816","La Martina","","bcm499","needs_manual_review"
"14456715","la milanesa","","bcm499","needs_manual_review"
"132745","La Perla Vintage","","bcm499","needs_manual_review"
"134066618","La Piscine","","bcm499","needs_manual_review"
"980541","La Prestic Ouiston","","bcm499","needs_manual_review"
"124113285","LA PRIMA GIOIELLI","","bcm499","needs_manual_review"
"4966060","La Reveche","","bcm499","needs_manual_review"
"141803966","La Romaine Editions","","bcm499","needs_manual_review"
"119531151","LA ROSE","","bcm499","needs_manual_review"
"6893048","La Sportiva","","bcm499","needs_manual_review"
"125446663","Labelled Jewellery","","bcm499","needs_manual_review"
"1218020","Labo Art","","bcm499","needs_manual_review"
"14961158","Lack Of Color","","bcm499","needs_manual_review"
"2038","Lacoste","","bcm499","needs_manual_review"
"99682532","LADENAC","","bcm499","needs_manual_review"
"67311574","LAETITIA ROUGET","","bcm499","needs_manual_review"
"3537004","Lafayette 148","","bcm499","needs_manual_review"
"12070886","Lalique","","bcm499","needs_manual_review"
"122106073","Laminar","","bcm499","needs_manual_review"
"152529262","LAMRONS","","bcm499","needs_manual_review"
"121049029","LAMUNT","","bcm499","needs_manual_review"
"128500423","LANAPO","","bcm499","needs_manual_review"
"4445814","Lancaster","","bcm499","needs_manual_review"
"19179","Lancel","","bcm499","needs_manual_review"
"202019","Lancetti Vintage","","bcm499","needs_manual_review"
"60271","Laneus","","bcm499","needs_manual_review"
"5757","Lanvin","","bcm499","needs_manual_review"
"125660","Lanvin Pre-Owned","","bcm499","needs_manual_review"
"4918590","Lapima","","bcm499","needs_manual_review"
"14920929","LaQuan Smith","","bcm499","needs_manual_review"
"100670","Lardini","","bcm499","needs_manual_review"
"11875833","Lark & Berry","","bcm499","needs_manual_review"
"6724750","Larusmiani","","bcm499","needs_manual_review"
"147361470","LATCH","","bcm499","needs_manual_review"
"149042313","Laura Biagiotti","","bcm499","needs_manual_review"
"14897","Laura Urbinati","","bcm499","needs_manual_review"
"12434605","Lauren Manoogian","","bcm499","needs_manual_review"
"3895340","Lauren Ralph Lauren","로렌 랄프 로렌","bcm499","reviewed_or_rule_based"
"14371993","Lauren Rubinski","","bcm499","needs_manual_review"
"16632","Laurence Dacade","","bcm499","needs_manual_review"
"14961150","Le Bonnet","","bcm499","needs_manual_review"
"12070890","Le Creuset","","bcm499","needs_manual_review"
"965656","Le Gramme","","bcm499","needs_manual_review"
"2877004","Le Kasha","","bcm499","needs_manual_review"
"2408999","Le Kilt","","bcm499","needs_manual_review"
"5023305","Le Monde Beryl","","bcm499","needs_manual_review"
"124613645","LE RJTANGE","","bcm499","needs_manual_review"
"22614","Le Silla","","bcm499","needs_manual_review"
"1318320","Le Specs","","bcm499","needs_manual_review"
"16587717","LE STER","","bcm499","needs_manual_review"
"114450176","LE SULLY STUDIO","","bcm499","needs_manual_review"
"15415101","Le Tanneur","","bcm499","needs_manual_review"
"102234793","LEANDRA","","bcm499","needs_manual_review"
"35089996","Leandro Lopes","","bcm499","needs_manual_review"
"16576946","Leathersmith of London","","bcm499","needs_manual_review"
"66706505","LEBLON DELIENNE","","bcm499","needs_manual_review"
"401228","Lebor Gabala","","bcm499","needs_manual_review"
"60955","Leclaireur","","bcm499","needs_manual_review"
"4598877","Lee Mathews","","bcm499","needs_manual_review"
"131010047","Legier","","bcm499","needs_manual_review"
"14259827","LEGRES","","bcm499","needs_manual_review"
"1036451","Leisure Society","","bcm499","needs_manual_review"
"121049206","LEKI","","bcm499","needs_manual_review"
"13707739","Lelet NY","","bcm499","needs_manual_review"
"115908287","Lella Baldi","","bcm499","needs_manual_review"
"1998123","LEMAIRE","르메르","bcm499","reviewed_or_rule_based"
"7002","Lempelius","","bcm499","needs_manual_review"
"528062","Lenny Niemeyer","","bcm499","needs_manual_review"
"36222340","Leo Lin","","bcm499","needs_manual_review"
"14457182","LEO PIZZO","","bcm499","needs_manual_review"
"2645578","Leon Emanuel Blanck","","bcm499","needs_manual_review"
"135357","Les Copains Vintage","","bcm499","needs_manual_review"
"107907213","Les Filles d'Eva","","bcm499","needs_manual_review"
"138861634","LES HÉRITIERS","","bcm499","needs_manual_review"
"139051024","LES VACANCES D'IRINA","","bcm499","needs_manual_review"
"17604481","Les-Ottomans","","bcm499","needs_manual_review"
"6470","Lesca","","bcm499","needs_manual_review"
"35984483","lescarf","","bcm499","needs_manual_review"
"6927913","Leslie Amon","","bcm499","needs_manual_review"
"8676","Levi's","","bcm499","needs_manual_review"
"98868261","Levi's Premium","","bcm499","needs_manual_review"
"51565","Levi's: Made & Crafted","","bcm499","needs_manual_review"
"91168518","LGN  LOUIS GABRIEL NOUCHI","","bcm499","needs_manual_review"
"11508684","Li-Ning","","bcm499","needs_manual_review"
"8957877","Lia Di Gregorio","","bcm499","needs_manual_review"
"143799441","LIBECO","","bcm499","needs_manual_review"
"15035732","Liberal Youth Ministry","","bcm499","needs_manual_review"
"118700346","LIBEROWE","","bcm499","needs_manual_review"
"127185727","LIDIALUCILLA","","bcm499","needs_manual_review"
"12323460","LIDO","","bcm499","needs_manual_review"
"121980164","Liffner","","bcm499","needs_manual_review"
"145369426","lightec","","bcm499","needs_manual_review"
"1113227","Ligne Blanche","","bcm499","needs_manual_review"
"146366455","LII","","bcm499","needs_manual_review"
"8825","Lika","","bcm499","needs_manual_review"
"145464956","LILI CURIA","","bcm499","needs_manual_review"
"106556857","LILY GABRIELLA","","bcm499","needs_manual_review"
"144093817","LINDA BAUMANN","","bcm499","needs_manual_review"
"5633","Linda Farrow","","bcm499","needs_manual_review"
"14828844","Linda Farrow X Magda Butrym","","bcm499","needs_manual_review"
"2682708","Lindberg","","bcm499","needs_manual_review"
"76903","Lindell & Co","","bcm499","needs_manual_review"
"137634584","Linee Recanati","","bcm499","needs_manual_review"
"125313398","LINORICCI","","bcm499","needs_manual_review"
"116550","Lisa Corti","","bcm499","needs_manual_review"
"570152","Lisa Marie Fernandez","","bcm499","needs_manual_review"
"17917047","Lisa Yang","","bcm499","needs_manual_review"
"88331","Liska","","bcm499","needs_manual_review"
"127175746","LITA COUTURE","","bcm499","needs_manual_review"
"141810083","Literary Sport","","bcm499","needs_manual_review"
"4741395","LITKOVSKA","","bcm499","needs_manual_review"
"1793692","Lito","","bcm499","needs_manual_review"
"16576357","Little Lights","","bcm499","needs_manual_review"
"5862560","LIU JO","","bcm499","needs_manual_review"
"330411","Liviana Conti","","bcm499","needs_manual_review"
"5814661","LIYA","","bcm499","needs_manual_review"
"103531887","Lizzie Fortunato","","bcm499","needs_manual_review"
"54606","Lizzie Fortunato Jewels","","bcm499","needs_manual_review"
"2632540","Lizzie Mandler Fine Jewelry","","bcm499","needs_manual_review"
"1018974","Lladró","","bcm499","needs_manual_review"
"125315017","LN-CC x NM3","","bcm499","needs_manual_review"
"47449","Loeffler Randall","","bcm499","needs_manual_review"
"108791025","LOEV","","bcm499","needs_manual_review"
"18250581","LOEWE","로에베","bcm499","reviewed_or_rule_based"
"7579668","Loewe Pre-Owned","로에베 프리오운드","bcm499","reviewed_or_rule_based"
"22894165","LOIS JEANS","","bcm499","needs_manual_review"
"190702","Lola Cruz","","bcm499","needs_manual_review"
"365250","Longchamp","롱샴","bcm499","reviewed_or_rule_based"
"116915897","LOOP CASHMERE","","bcm499","needs_manual_review"
"396997","Loree Rodkin","","bcm499","needs_manual_review"
"135681","Lorena Antoniazzi","","bcm499","needs_manual_review"
"13219308","Lorenzi Milano","","bcm499","needs_manual_review"
"129930897","LORISTELLA","","bcm499","needs_manual_review"
"191090","Loro Piana","로로피아나","bcm499","reviewed_or_rule_based"
"105232505","Loro Piana Pre-Owned","로로피아나 프리오운드","bcm499","reviewed_or_rule_based"
"2682709","Lotos","","bcm499","needs_manual_review"
"98866970","Louis Poulsen","","bcm499","needs_manual_review"
"268811","Louis Vuitton Pre-Owned","루이비통 프리오운드","bcm499","reviewed_or_rule_based"
"13429791","Louisa Ballou","","bcm499","needs_manual_review"
"1030142","Louise Roe","","bcm499","needs_manual_review"
"7630825","Loulou","","bcm499","needs_manual_review"
"15464333","LouLou de Saison","","bcm499","needs_manual_review"
"150826","Love Moschino","","bcm499","needs_manual_review"
"92717016","LOVEBIRDS","","bcm499","needs_manual_review"
"13931591","LOVENESS LEE","","bcm499","needs_manual_review"
"1274561","LoveShackFancy","","bcm499","needs_manual_review"
"12833011","LoveShackFancy Kids","","bcm499","needs_manual_review"
"7579560","Low Classic","","bcm499","needs_manual_review"
"31180775","Loyal.e Paris","","bcm499","needs_manual_review"
"12070737","LSA International","","bcm499","needs_manual_review"
"120858654","LUCHETTI","","bcm499","needs_manual_review"
"261654","Luciano Soprani Vintage","","bcm499","needs_manual_review"
"79436017","Lucy Delius Jewellery","","bcm499","needs_manual_review"
"8530508","Ludovic de Saint Sernin","","bcm499","needs_manual_review"
"17431932","LUEDER","","bcm499","needs_manual_review"
"13819158","LUIGI BIANCHI MANTOVA","","bcm499","needs_manual_review"
"759562","LUIS MORAIS","","bcm499","needs_manual_review"
"235973","Luisa Beccaria","","bcm499","needs_manual_review"
"3664905","Luisa Cerano","","bcm499","needs_manual_review"
"14273559","LUISA SPAGNOLI","","bcm499","needs_manual_review"
"143934","Luisa Spagnoli Vintage","","bcm499","needs_manual_review"
"130542265","Luminous 27","","bcm499","needs_manual_review"
"121813654","Lunatica Milano","","bcm499","needs_manual_review"
"6000378","Lunor","","bcm499","needs_manual_review"
"4772","Lutz Huelle","","bcm499","needs_manual_review"
"125061623","Lynyer","","bcm499","needs_manual_review"
"1016026","M Missoni Vintage","","bcm499","needs_manual_review"
"136257228","M.a.b.e","","bcm499","needs_manual_review"
"11507218","M.Marquise","","bcm499","needs_manual_review"
"194412","M.S.M.","","bcm499","needs_manual_review"
"728991","Ma'ry'ya","","bcm499","needs_manual_review"
"90515025","Maccapani","","bcm499","needs_manual_review"
"16478021","MACH & MACH","","bcm499","needs_manual_review"
"962994","Mackage","","bcm499","needs_manual_review"
"514177","Mackintosh","","bcm499","needs_manual_review"
"134446693","MACRON","","bcm499","needs_manual_review"
"341311","MAD et LEN","","bcm499","needs_manual_review"
"17176116","Made in Tomboy","","bcm499","needs_manual_review"
"2806583","Magda Butrym","","bcm499","needs_manual_review"
"12805037","magis","","bcm499","needs_manual_review"
"10756688","Magliano","","bcm499","needs_manual_review"
"128087","Maharishi","","bcm499","needs_manual_review"
"4206199","Maiami","","bcm499","needs_manual_review"
"81675602","Mainless","","bcm499","needs_manual_review"
"39959630","Maison Balzac","","bcm499","needs_manual_review"
"1057547","Maison Boinet","","bcm499","needs_manual_review"
"2746846","Maison Close","","bcm499","needs_manual_review"
"48513824","Maison Crivelli","","bcm499","needs_manual_review"
"133087167","MAISON de SABRÉ","","bcm499","needs_manual_review"
"762802","Maison Kitsuné","메종 키츠네","bcm499","reviewed_or_rule_based"
"13801710","Maison La Bougie","","bcm499","needs_manual_review"
"533204","Maison Labiche","","bcm499","needs_manual_review"
"4981","Maison Margiela","메종 마르지엘라","bcm499","reviewed_or_rule_based"
"133682","Maison Martin Margiela Pre-Owned","","bcm499","needs_manual_review"
"430091","Maison Michel","","bcm499","needs_manual_review"
"3766397","Maison MIHARA YASUHIRO","","bcm499","needs_manual_review"
"143792934","MAISON SARAH LAVOINE","","bcm499","needs_manual_review"
"38996059","Maison Skorpios","","bcm499","needs_manual_review"
"144799986","MAISON123","","bcm499","needs_manual_review"
"12070683","Maje","마쥬","bcm499","reviewed_or_rule_based"
"291604","Majestic Filatures","","bcm499","needs_manual_review"
"106482795","Malbon Golf","","bcm499","needs_manual_review"
"2257","MALIN+GOETZ","","bcm499","needs_manual_review"
"51354328","MALIPARMI","","bcm499","needs_manual_review"
"197617","Malo","","bcm499","needs_manual_review"
"1391420","Malone Souliers","","bcm499","needs_manual_review"
"142122196","MALTE VAN DER MEYDEN","","bcm499","needs_manual_review"
"9648355","Mammut","","bcm499","needs_manual_review"
"386981","Mandelli","","bcm499","needs_manual_review"
"782137","Manebi","","bcm499","needs_manual_review"
"122972741","Manière De Voir","","bcm499","needs_manual_review"
"3739003","Manokhi","","bcm499","needs_manual_review"
"136969","Manolo Blahnik","","bcm499","needs_manual_review"
"7188","Manoush","","bcm499","needs_manual_review"
"2049709","Mansur Gavriel","","bcm499","needs_manual_review"
"84395","Mantu","","bcm499","needs_manual_review"
"2903871","Manu Atelier","","bcm499","needs_manual_review"
"312718","Manuel Ritz","","bcm499","needs_manual_review"
"14456945","MANURÍ","","bcm499","needs_manual_review"
"534176","Manzoni 24","","bcm499","needs_manual_review"
"11877308","MAOR","","bcm499","needs_manual_review"
"93187721","MAR DE MARGARITAS","","bcm499","needs_manual_review"
"12322119","mara bini","","bcm499","needs_manual_review"
"82628625","MARANT","","bcm499","needs_manual_review"
"20851","MARANT ÉTOILE","","bcm499","needs_manual_review"
"125542769","MARBELL","","bcm499","needs_manual_review"
"141811913","Marc Aurel","","bcm499","needs_manual_review"
"4660799","Marc Ellis","","bcm499","needs_manual_review"
"2762","Marc Jacobs","","bcm499","needs_manual_review"
"5321185","Marc Jacobs Eyewear","","bcm499","needs_manual_review"
"309521","Marc Jacobs Vintage","","bcm499","needs_manual_review"
"31209720","Marc O'Polo","","bcm499","needs_manual_review"
"120648840","MARCCAIN","","bcm499","needs_manual_review"
"133050649","Marcella","","bcm499","needs_manual_review"
"17177436","MARCELLA CLUB","","bcm499","needs_manual_review"
"109924480","Marcelo Burlon County of Milan Eyewear","","bcm499","needs_manual_review"
"2183615","MARCH LA.B","","bcm499","needs_manual_review"
"125477709","MARCIANO by GUESS","","bcm499","needs_manual_review"
"12070631","Marco Bicego","","bcm499","needs_manual_review"
"307090","Marco De Vincenzo","","bcm499","needs_manual_review"
"8296016","Marco Rambaldi","","bcm499","needs_manual_review"
"151361976","mare di latte","","bcm499","needs_manual_review"
"11508643","Marella","","bcm499","needs_manual_review"
"127085519","Maretto","","bcm499","needs_manual_review"
"28077","Margaret Howell","","bcm499","needs_manual_review"
"58674069","Margaux Lonnberg","","bcm499","needs_manual_review"
"9756180","Marge Sherwood","","bcm499","needs_manual_review"
"175278","Maria Black","","bcm499","needs_manual_review"
"219509","Maria Calderara","","bcm499","needs_manual_review"
"64575","Maria La Rosa","","bcm499","needs_manual_review"
"130817","Maria Lucia Hohan","","bcm499","needs_manual_review"
"80026723","Maria McManus","","bcm499","needs_manual_review"
"12059397","MARIA TASH","","bcm499","needs_manual_review"
"128060081","Marianna Senchina","","bcm499","needs_manual_review"
"14627436","Marie Lichtenberg","","bcm499","needs_manual_review"
"153650532","Marietta Chrousala","","bcm499","needs_manual_review"
"696671","Marimekko","","bcm499","needs_manual_review"
"63029800","marina yee","","bcm499","needs_manual_review"
"6965366","Marine Serre","","bcm499","needs_manual_review"
"143909","Mario Borsato Vintage","","bcm499","needs_manual_review"
"18141751","Mario Luca Giusti","","bcm499","needs_manual_review"
"129028383","MARIO VALENTINO","","bcm499","needs_manual_review"
"128550686","MARK-OFF","","bcm499","needs_manual_review"
"3323394","Marlies Dekkers","","bcm499","needs_manual_review"
"148538760","MARLY´S","","bcm499","needs_manual_review"
"4224","Marni","마르니","bcm499","reviewed_or_rule_based"
"5220381","Marni Eyewear","마르니 아이웨어","bcm499","reviewed_or_rule_based"
"104858426","Marni Pre-Owned","마르니 프리오운드","bcm499","reviewed_or_rule_based"
"1530727","Marques'Almeida","","bcm499","needs_manual_review"
"54899452","Marrakshi Life","","bcm499","needs_manual_review"
"121813203","MARREA","","bcm499","needs_manual_review"
"7020","Marsèll","","bcm499","needs_manual_review"
"121838303","MARSEM","","bcm499","needs_manual_review"
"83754569","Marsotto Edizioni","","bcm499","needs_manual_review"
"838428","Martine Rose","","bcm499","needs_manual_review"
"18252","Mary Katrantzou","","bcm499","needs_manual_review"
"12908505","Maryan Mehlhorn","","bcm499","needs_manual_review"
"2418397","Marysia","","bcm499","needs_manual_review"
"7202498","Masahiro Maruyama","","bcm499","needs_manual_review"
"16273907","MASAHIROMARUYAMA","","bcm499","needs_manual_review"
"874089","Masnada","","bcm499","needs_manual_review"
"126525","Massada","","bcm499","needs_manual_review"
"115874","Massimo Alba","","bcm499","needs_manual_review"
"17267132","Mate Bike","","bcm499","needs_manual_review"
"148829214","Mathey Tissot","","bcm499","needs_manual_review"
"1702253","Maticevski","","bcm499","needs_manual_review"
"126291546","Matières Fécales","","bcm499","needs_manual_review"
"123297872","MATINEE DONNA","","bcm499","needs_manual_review"
"1187751","Matsuda","","bcm499","needs_manual_review"
"5589594","Matteau","","bcm499","needs_manual_review"
"24102492","Mauboussin","","bcm499","needs_manual_review"
"8983074","Maui Jim","","bcm499","needs_manual_review"
"129558002","Maurizio","","bcm499","needs_manual_review"
"125123900","MAURO VOLPONI","","bcm499","needs_manual_review"
"43284182","MAVIADA","","bcm499","needs_manual_review"
"836545","Max & Moi","","bcm499","needs_manual_review"
"12189188","Max Mara","막스마라","bcm499","reviewed_or_rule_based"
"107463416","Max Mara Eyewear","막스마라 아이웨어","bcm499","reviewed_or_rule_based"
"12322012","MAX&Co.","","bcm499","needs_manual_review"
"13740179","Maybach eyewear","","bcm499","needs_manual_review"
"4037972","MC2 Saint Barth","","bcm499","needs_manual_review"
"2821934","MC2 Saint Barth Kids","","bcm499","needs_manual_review"
"1025204","MCM","엠씨엠","bcm499","reviewed_or_rule_based"
"2724710","MCM Pre-Owned","엠씨엠 프리오운드","bcm499","reviewed_or_rule_based"
"16162613","MCQ","","bcm499","needs_manual_review"
"54211638","MEDEEA","","bcm499","needs_manual_review"
"6551643","MEDICOM TOY","","bcm499","needs_manual_review"
"121575989","Megane and Me","","bcm499","needs_manual_review"
"98866932","MeimeiJ","","bcm499","needs_manual_review"
"2369","Melissa","","bcm499","needs_manual_review"
"273603","Melissa Odabash","","bcm499","needs_manual_review"
"138787285","MENGHI","","bcm499","needs_manual_review"
"104842615","MEOTINE","","bcm499","needs_manual_review"
"111288","Merci","","bcm499","needs_manual_review"
"15464304","Merrell","","bcm499","needs_manual_review"
"125718071","Merryl Tielman","","bcm499","needs_manual_review"
"16949519","MERYLL ROGGE","","bcm499","needs_manual_review"
"126458","Mes Demoiselles","","bcm499","needs_manual_review"
"13219983","Messika","","bcm499","needs_manual_review"
"133355362","MessyWeekend","","bcm499","needs_manual_review"
"49135794","Meta Campania Collective","","bcm499","needs_manual_review"
"119526144","Metisse","","bcm499","needs_manual_review"
"143848539","Mey","","bcm499","needs_manual_review"
"12286604","mfpen","","bcm499","needs_manual_review"
"45946","Mhl By Margaret Howell","","bcm499","needs_manual_review"
"138777490","Mia Peculiar","","bcm499","needs_manual_review"
"119403","Mialuis","","bcm499","needs_manual_review"
"127426575","MIAU by Clara Rotescu","","bcm499","needs_manual_review"
"8593682","Michael Kors","","bcm499","needs_manual_review"
"42743","Michael Kors Collection","","bcm499","needs_manual_review"
"176333","Michael Michael Kors","","bcm499","needs_manual_review"
"13219351","Michael Verheyden","","bcm499","needs_manual_review"
"11507148","mii","","bcm499","needs_manual_review"
"773813","Miista","","bcm499","needs_manual_review"
"33748009","MILA SCHON","","bcm499","needs_manual_review"
"128700","Mila Schon Vintage","","bcm499","needs_manual_review"
"108355043","Milko Boyarov","","bcm499","needs_manual_review"
"167258","Milly","","bcm499","needs_manual_review"
"4722","MIMI","","bcm499","needs_manual_review"
"136083334","Mineral Series","","bcm499","needs_manual_review"
"145369937","Minima","","bcm499","needs_manual_review"
"128446113","MINOBOSSI","","bcm499","needs_manual_review"
"2638322","Mira Mikati","","bcm499","needs_manual_review"
"147521226","MIRON","","bcm499","needs_manual_review"
"756324","MISBHV","","bcm499","needs_manual_review"
"124385005","Misette","","bcm499","needs_manual_review"
"2651964","MISHA","","bcm499","needs_manual_review"
"119398790","Miss Sixty","","bcm499","needs_manual_review"
"16479653","Missoma","","bcm499","needs_manual_review"
"176305","Missoni","미쏘니","bcm499","reviewed_or_rule_based"
"14022025","MISSONI EYEWEAR","미쏘니 아이웨어","bcm499","reviewed_or_rule_based"
"13286727","Missoni Home","미쏘니 홈","bcm499","reviewed_or_rule_based"
"70089","Missoni Pre-Owned","미쏘니 프리오운드","bcm499","reviewed_or_rule_based"
"131555","Mitchell & Ness","","bcm499","needs_manual_review"
"108572773","MITILIANE COUTURE","","bcm499","needs_manual_review"
"8360","Miu Miu","미우미우","bcm499","reviewed_or_rule_based"
"3494668","Miu Miu Eyewear","미우미우 아이웨어","bcm499","reviewed_or_rule_based"
"217548","Miu Miu Pre-Owned","미우미우 프리오운드","bcm499","reviewed_or_rule_based"
"341572","Mizuki","","bcm499","needs_manual_review"
"4775808","Mizuno","","bcm499","needs_manual_review"
"114084","MM6 Maison Margiela","","bcm499","needs_manual_review"
"80172617","MM6 Maison Margiela X Salomon","","bcm499","needs_manual_review"
"129665657","MMC STUDIO","","bcm499","needs_manual_review"
"1197953","Moeva","","bcm499","needs_manual_review"
"120869070","Molebo","","bcm499","needs_manual_review"
"122897","Moleskine","","bcm499","needs_manual_review"
"1120","Moma","","bcm499","needs_manual_review"
"470576","MOMONÌ","","bcm499","needs_manual_review"
"148046889","moms pants","","bcm499","needs_manual_review"
"1652325","Monan","","bcm499","needs_manual_review"
"4535","Moncler","몽클레르","bcm499","reviewed_or_rule_based"
"15415105","Moncler + Rick Owens","몽클레르 + 릭 오웬스","bcm499","reviewed_or_rule_based"
"5321183","Moncler Eyewear","몽클레르 아이웨어","bcm499","reviewed_or_rule_based"
"59087","Moncler Grenoble","몽클레르 그레노블","bcm499","reviewed_or_rule_based"
"12533164","Moncler x Poldo","","bcm499","needs_manual_review"
"124438604","Mondrian","","bcm499","needs_manual_review"
"344513","Monet Pre-Owned","","bcm499","needs_manual_review"
"4044013","Monica Sarti","","bcm499","needs_manual_review"
"48961","Monica Vinader","","bcm499","needs_manual_review"
"72849","Monies","","bcm499","needs_manual_review"
"14627462","Mônot","","bcm499","needs_manual_review"
"121047824","MONPIZ","","bcm499","needs_manual_review"
"2682710","Montblanc","","bcm499","needs_manual_review"
"136948122","MONTCE","","bcm499","needs_manual_review"
"499699","Montedoro","","bcm499","needs_manual_review"
"153129","Moon Boot","","bcm499","needs_manual_review"
"706720","Moorer","","bcm499","needs_manual_review"
"122143551","MOOS STUDIO","","bcm499","needs_manual_review"
"6770148","Moose Knuckles","","bcm499","needs_manual_review"
"143887832","Morgan","","bcm499","needs_manual_review"
"118863183","MORSICA","","bcm499","needs_manual_review"
"141815116","Mos Mosh","","bcm499","needs_manual_review"
"3879","Moschino","","bcm499","needs_manual_review"
"6712974","Moschino Eyewear","","bcm499","needs_manual_review"
"91929223","MOSCHINO JEANS","","bcm499","needs_manual_review"
"120254","Moschino Pre-Owned","","bcm499","needs_manual_review"
"3661813","Moscot","","bcm499","needs_manual_review"
"96125","MOTHER","","bcm499","needs_manual_review"
"25716","Mou","","bcm499","needs_manual_review"
"2859932","Mou Kids","","bcm499","needs_manual_review"
"31178703","MOULETA","","bcm499","needs_manual_review"
"6523699","Mounser","","bcm499","needs_manual_review"
"3977901","Moussy Vintage","","bcm499","needs_manual_review"
"6368658","Movado","","bcm499","needs_manual_review"
"3238593","Movitra","","bcm499","needs_manual_review"
"24139","Mr & Mrs Italy","","bcm499","needs_manual_review"
"12322138","MR. LEIGHT","","bcm499","needs_manual_review"
"15464329","Mr. Mittens","","bcm499","needs_manual_review"
"994615","MRZ","","bcm499","needs_manual_review"
"48865","MSGM","","bcm499","needs_manual_review"
"696377","Mugler","","bcm499","needs_manual_review"
"8369","Mulberry","","bcm499","needs_manual_review"
"463622","Mulberry Pre-Owned","","bcm499","needs_manual_review"
"126233812","MULTITUDES BAGS","","bcm499","needs_manual_review"
"94478070","Mumutane","","bcm499","needs_manual_review"
"12246551","MUNTHE","","bcm499","needs_manual_review"
"2770918","Murmur","","bcm499","needs_manual_review"
"4248108","Muun","","bcm499","needs_manual_review"
"749960","MUZUNGU SISTERS","","bcm499","needs_manual_review"
"29276579","mvp wardrobe","","bcm499","needs_manual_review"
"121839402","MY BEST BAG","","bcm499","needs_manual_review"
"124613868","MYA BAY","","bcm499","needs_manual_review"
"36364","Mykita","","bcm499","needs_manual_review"
"134376605","Mysteryjoy","","bcm499","needs_manual_review"
"2721782","N.Peal","","bcm499","needs_manual_review"
"132238512","N8","","bcm499","needs_manual_review"
"11876244","Nackiyé","","bcm499","needs_manual_review"
"27523674","Nada Ghazal","","bcm499","needs_manual_review"
"124439766","Nadini","","bcm499","needs_manual_review"
"103232630","NAGHEDI","","bcm499","needs_manual_review"
"151385164","NAGUISA","","bcm499","needs_manual_review"
"11492007","NAKED WOLFE","","bcm499","needs_manual_review"
"117712","Nanushka","","bcm499","needs_manual_review"
"26309","Napapijri","","bcm499","needs_manual_review"
"13219361","NasonMoretti","","bcm499","needs_manual_review"
"141808935","Natalia Criado","","bcm499","needs_manual_review"
"1175963","Natasha Zinko","","bcm499","needs_manual_review"
"45362","Native","","bcm499","needs_manual_review"
"3422320","Needle & Thread","","bcm499","needs_manual_review"
"31884","Needles","","bcm499","needs_manual_review"
"142002583","Neeka Studios","","bcm499","needs_manual_review"
"3680270","Neighborhood","","bcm499","needs_manual_review"
"12569569","Nensi Dojaka","","bcm499","needs_manual_review"
"4695109","NEOUS","","bcm499","needs_manual_review"
"121046909","NERO GIARDINI","","bcm499","needs_manual_review"
"13755682","NERVI","","bcm499","needs_manual_review"
"146505432","Neva Home","","bcm499","needs_manual_review"
"107557471","NEVER FULLY DRESSED","","bcm499","needs_manual_review"
"118047775","NEW AMSTERDAM","","bcm499","needs_manual_review"
"61861","New Balance","","bcm499","needs_manual_review"
"32037714","NEW ERA CAP","","bcm499","needs_manual_review"
"11376557","NEW ROCK","","bcm499","needs_manual_review"
"121049100","NEWLAND","","bcm499","needs_manual_review"
"68997754","Niccolò Pasqualetti","","bcm499","needs_manual_review"
"11875471","Nicholas Daley","","bcm499","needs_manual_review"
"5426176","Nicole Saldaña","","bcm499","needs_manual_review"
"1664","Nike","","bcm499","needs_manual_review"
"99036627","NIKO JUNE","","bcm499","needs_manual_review"
"11107011","NIKOLLE RADI","","bcm499","needs_manual_review"
"1285183","Nikos Koulis","","bcm499","needs_manual_review"
"96859","Nili Lotan","","bcm499","needs_manual_review"
"127694505","NINA 14.7","","bcm499","needs_manual_review"
"148794084","Nina Gordon","","bcm499","needs_manual_review"
"3063","Nina Ricci","","bcm499","needs_manual_review"
"148432","Nina Ricci Pre-Owned","","bcm499","needs_manual_review"
"12435084","Ninamounah","","bcm499","needs_manual_review"
"196246","Nine In The Morning","","bcm499","needs_manual_review"
"1336923","Nineminutes","","bcm499","needs_manual_review"
"12323617","NISSA","","bcm499","needs_manual_review"
"58657","Niu","","bcm499","needs_manual_review"
"151694722","NM3","","bcm499","needs_manual_review"
"129222437","NNORMAL","","bcm499","needs_manual_review"
"145203390","NO IDEA","","bcm499","needs_manual_review"
"130392267","NO PROBLEMO","","bcm499","needs_manual_review"
"156274006","no:rae","","bcm499","needs_manual_review"
"1822353","Nº21","","bcm499","needs_manual_review"
"128496822","No44","","bcm499","needs_manual_review"
"11052024","Nodaleto","","bcm499","needs_manual_review"
"5227899","Noguchi","","bcm499","needs_manual_review"
"1629091","Noir Kei Ninomiya","","bcm499","needs_manual_review"
"15035638","Noire Swimwear","","bcm499","needs_manual_review"
"136974310","Nokwol","","bcm499","needs_manual_review"
"12624846","Nomadic State of Mind","","bcm499","needs_manual_review"
"132333431","Nomen Nescio","","bcm499","needs_manual_review"
"3539539","Nomos","","bcm499","needs_manual_review"
"43281600","norda","","bcm499","needs_manual_review"
"131052305","NORIARCO","","bcm499","needs_manual_review"
"22059256","NORMA JEWELLERY","","bcm499","needs_manual_review"
"397018","Norma Kamali","","bcm499","needs_manual_review"
"13219375","Normann Copenhagen","","bcm499","needs_manual_review"
"14657550","North Sails","","bcm499","needs_manual_review"
"148991521","NORWAY 1963","","bcm499","needs_manual_review"
"2041244","Norwegian Rain","","bcm499","needs_manual_review"
"116180503","NOT AFTER TEN","","bcm499","needs_manual_review"
"104034374","Notabene","","bcm499","needs_manual_review"
"131877837","NotRainProof","","bcm499","needs_manual_review"
"129002165","Noumeno Concetp","","bcm499","needs_manual_review"
"151932447","nounou","","bcm499","needs_manual_review"
"1150625","Nour Hammour","","bcm499","needs_manual_review"
"137337038","Novesta","","bcm499","needs_manual_review"
"155824046","NOW YOU LIVE","","bcm499","needs_manual_review"
"138639403","Nuance","","bcm499","needs_manual_review"
"14043","Nude","","bcm499","needs_manual_review"
"15464324","Nuè","","bcm499","needs_manual_review"
"992325","Nuno","","bcm499","needs_manual_review"
"16979428","Nuove Forme","","bcm499","needs_manual_review"
"128915206","O HUI","","bcm499","needs_manual_review"
"133187","Oakley","","bcm499","needs_manual_review"
"1684264","OAMC","","bcm499","needs_manual_review"
"148821619","OBAKU","","bcm499","needs_manual_review"
"39522","Obey","","bcm499","needs_manual_review"
"129910486","OBSIDIAN","","bcm499","needs_manual_review"
"152601601","OCEAN DRIVE","","bcm499","needs_manual_review"
"127242704","OCTAEVO","","bcm499","needs_manual_review"
"60193570","Octavia Elizabeth","","bcm499","needs_manual_review"
"1133146","Odeeh","","bcm499","needs_manual_review"
"140223891","ODISSI","","bcm499","needs_manual_review"
"121049371","ODLO","","bcm499","needs_manual_review"
"1205035","Off-White","","bcm499","needs_manual_review"
"109925211","Off-White Eyewear","","bcm499","needs_manual_review"
"103901777","Off-White Pre-Owned","","bcm499","needs_manual_review"
"103615351","Officina Bernardi","","bcm499","needs_manual_review"
"37220","Officine Creative","","bcm499","needs_manual_review"
"1226844","Officine Generale","","bcm499","needs_manual_review"
"128144313","OFLAB","","bcm499","needs_manual_review"
"147635096","OHANA HATAKE","","bcm499","needs_manual_review"
"121049432","OLANG","","bcm499","needs_manual_review"
"241716","Oliver Peoples","","bcm499","needs_manual_review"
"967571","Olivia von Halle","","bcm499","needs_manual_review"
"189904","Olympia Le-Tan","","bcm499","needs_manual_review"
"59224124","OMBRA MILANO","","bcm499","needs_manual_review"
"3539540","OMEGA","","bcm499","needs_manual_review"
"41696361","OMEGA EYEWEAR","","bcm499","needs_manual_review"
"13219949","On","","bcm499","needs_manual_review"
"17759275","Once Milano","","bcm499","needs_manual_review"
"32312714","One Of These Days","","bcm499","needs_manual_review"
"156065302","one season","","bcm499","needs_manual_review"
"189866","One Teaspoon","","bcm499","needs_manual_review"
"665139","Onitsuka Tiger","","bcm499","needs_manual_review"
"149008901","ONLY","","bcm499","needs_manual_review"
"24302690","Onno","","bcm499","needs_manual_review"
"49136196","OOF WEAR","","bcm499","needs_manual_review"
"124672173","Open YY","","bcm499","needs_manual_review"
"8034","Orciani","","bcm499","needs_manual_review"
"88558398","Orgreen","","bcm499","needs_manual_review"
"82092532","Origin Made","","bcm499","needs_manual_review"
"11915430","original vintage style","","bcm499","needs_manual_review"
"81866","Orlebar Brown","","bcm499","needs_manual_review"
"1834184","Orolog By Jaime Hayon","","bcm499","needs_manual_review"
"125940622","OROTECH","","bcm499","needs_manual_review"
"147511015","orsina","","bcm499","needs_manual_review"
"119807000","Orto","","bcm499","needs_manual_review"
"121048248","ORTOVOX","","bcm499","needs_manual_review"
"67048","Oscar de la Renta","","bcm499","needs_manual_review"
"365077","Oscar de la Renta Pre-Owned","","bcm499","needs_manual_review"
"1434004","Oscar Tiye","","bcm499","needs_manual_review"
"4484245","Oséree","","bcm499","needs_manual_review"
"125184","Osklen","","bcm499","needs_manual_review"
"12304960","Osoi","","bcm499","needs_manual_review"
"14456326","Osprey","","bcm499","needs_manual_review"
"6555236","Otiumberg","","bcm499","needs_manual_review"
"5039881","Ottolinger","","bcm499","needs_manual_review"
"146196190","Ottoman Hands","","bcm499","needs_manual_review"
"315442","Ottomania","","bcm499","needs_manual_review"
"118510883","OUDE WAAG","","bcm499","needs_manual_review"
"141815468","OUI","","bcm499","needs_manual_review"
"27462","OUR LEGACY","아워레가시","bcm499","reviewed_or_rule_based"
"156269205","OWN","","bcm499","needs_manual_review"
"18141733","OYOY","","bcm499","needs_manual_review"
"12842","P.A.R.O.S.H.","","bcm499","needs_manual_review"
"3947885","P.E Nation","","bcm499","needs_manual_review"
"92777","Paco Rabanne Pre-Owned","파코 라반 프리오운드","bcm499","reviewed_or_rule_based"
"12822","PAIGE","","bcm499","needs_manual_review"
"2186014","Palm Angels","팜엔젤스","bcm499","reviewed_or_rule_based"
"109924485","Palm Angels Eyewear","팜엔젤스 아이웨어","bcm499","reviewed_or_rule_based"
"743876","Palmer//Harding","","bcm499","needs_manual_review"
"124778210","Paloceras","","bcm499","needs_manual_review"
"746409","Paloma Barceló","","bcm499","needs_manual_review"
"21731645","Paloma Wool","","bcm499","needs_manual_review"
"715755","Palomitas By Paloma Barcelò","","bcm499","needs_manual_review"
"92926850","Paly","","bcm499","needs_manual_review"
"12723423","Panconesi","","bcm499","needs_manual_review"
"3539542","Panerai","","bcm499","needs_manual_review"
"13176522","Pangaia","","bcm499","needs_manual_review"
"60497993","PANICALE","","bcm499","needs_manual_review"
"103100","Pantanetti","","bcm499","needs_manual_review"
"79958880","Paola Sighinolfi","","bcm499","needs_manual_review"
"145416336","Paper Lace","","bcm499","needs_manual_review"
"487015","Paraboot","","bcm499","needs_manual_review"
"118980","Parajumpers","","bcm499","needs_manual_review"
"102751096","PARAMIDONNA","","bcm499","needs_manual_review"
"13707553","Paris Georgia","","bcm499","needs_manual_review"
"129898529","Paris Laundry","","bcm499","needs_manual_review"
"6717166","Paris Texas","","bcm499","needs_manual_review"
"6485609","Parlor","","bcm499","needs_manual_review"
"90014662","Parmigiani Fleurier","","bcm499","needs_manual_review"
"718828","Parts of Four","","bcm499","needs_manual_review"
"11488765","Pascale Monvoisin","","bcm499","needs_manual_review"
"10502717","Pasquale Bruni","","bcm499","needs_manual_review"
"4048926","Patagonia","","bcm499","needs_manual_review"
"796099","PatBO","","bcm499","needs_manual_review"
"3543098","Patek Philippe","","bcm499","needs_manual_review"
"105235646","Patek Philippe Pre-Owned","","bcm499","needs_manual_review"
"12075358","Patou","","bcm499","needs_manual_review"
"122926122","PATRICK ASSARAF","","bcm499","needs_manual_review"
"143949659","Patrick McDowell","","bcm499","needs_manual_review"
"33685","Patrizia Pepe","","bcm499","needs_manual_review"
"14395991","PATTA","","bcm499","needs_manual_review"
"19429","Paul & Joe","","bcm499","needs_manual_review"
"1050117","Paul & Shark","","bcm499","needs_manual_review"
"126232732","PAUL SILENCE","","bcm499","needs_manual_review"
"6","Paul Smith","","bcm499","needs_manual_review"
"16576962","PAULA","","bcm499","needs_manual_review"
"107034030","PAULINE DUJANCOURT","","bcm499","needs_manual_review"
"115918","Paura","","bcm499","needs_manual_review"
"93356628","PDF","","bcm499","needs_manual_review"
"9897608","Peak Performance","","bcm499","needs_manual_review"
"2091375","Pedro Del Hierro","","bcm499","needs_manual_review"
"4303","Pedro Garcia","","bcm499","needs_manual_review"
"107649346","PELO FOUNDATION","","bcm499","needs_manual_review"
"90217","Pence","","bcm499","needs_manual_review"
"18142665","Pendleton","","bcm499","needs_manual_review"
"86771615","Pennyblack","","bcm499","needs_manual_review"
"140768967","PENTOLE AGNELLI","","bcm499","needs_manual_review"
"50504134","PEPA SALAZAR","","bcm499","needs_manual_review"
"133678989","Pepe Jeans","","bcm499","needs_manual_review"
"3846419","Pequignet","","bcm499","needs_manual_review"
"5055259","Perfect Moment","","bcm499","needs_manual_review"
"27546","Perks And Mini","","bcm499","needs_manual_review"
"10320377","Persée","","bcm499","needs_manual_review"
"6373","Persol","","bcm499","needs_manual_review"
"201882","Persol Pre-Owned","","bcm499","needs_manual_review"
"331698","Peserico","","bcm499","needs_manual_review"
"9356710","Peter Do","","bcm499","needs_manual_review"
"120791153","PETER KAISER","","bcm499","needs_manual_review"
"394350","Petit Bateau","","bcm499","needs_manual_review"
"13106844","Peugeot","","bcm499","needs_manual_review"
"23625","Peuterey","","bcm499","needs_manual_review"
"9139905","Phaidon Press","","bcm499","needs_manual_review"
"383994","Phantasmagoria","","bcm499","needs_manual_review"
"121049456","PHENIX","","bcm499","needs_manual_review"
"109549","Philipp Plein","","bcm499","needs_manual_review"
"47075814","Philipp Plein Eyewear","","bcm499","needs_manual_review"
"147871913","PHILIPPA 1970","","bcm499","needs_manual_review"
"22309","Philippe Model Paris","","bcm499","needs_manual_review"
"3762668","Philo-Sofie","","bcm499","needs_manual_review"
"145373069","PHILOSOPHEYES","","bcm499","needs_manual_review"
"486723","Philosophy Di Lorenzo Serafini","","bcm499","needs_manual_review"
"6828726","Phisique Du Role","","bcm499","needs_manual_review"
"121049553","PHO FIRENZE","","bcm499","needs_manual_review"
"3846422","Piaget","","bcm499","needs_manual_review"
"125465319","PICTURE","","bcm499","needs_manual_review"
"149012327","PIECES","","bcm499","needs_manual_review"
"139447445","piedattere","","bcm499","needs_manual_review"
"318539","PierAntonioGaspari","","bcm499","needs_manual_review"
"6891774","Pierre Cardin Eyewear","","bcm499","needs_manual_review"
"50667","Pierre Cardin Pre-Owned","","bcm499","needs_manual_review"
"66034","Pierre-Louis Mascia","","bcm499","needs_manual_review"
"760752","Pin Up Stars","","bcm499","needs_manual_review"
"132978839","PIN1876","","bcm499","needs_manual_review"
"6486635","Pineider","","bcm499","needs_manual_review"
"120925","PINKO","","bcm499","needs_manual_review"
"259629","Piombo","","bcm499","needs_manual_review"
"13430714","PIPPA SMALL","","bcm499","needs_manual_review"
"17267094","PIQUADRO","","bcm499","needs_manual_review"
"315859","Pirovano Vintage","","bcm499","needs_manual_review"
"97064494","PJ Harlow Dreamwear","","bcm499","needs_manual_review"
"8551205","Plan C","","bcm499","needs_manual_review"
"7848303","Pleasures","","bcm499","needs_manual_review"
"168996","Pleats Please Issey Miyake","","bcm499","needs_manual_review"
"4249418","Plein Sport","","bcm499","needs_manual_review"
"123211210","PLOUMANACH","","bcm499","needs_manual_review"
"11508624","PNK","","bcm499","needs_manual_review"
"128146206","PNTS","","bcm499","needs_manual_review"
"9868177","POC","","bcm499","needs_manual_review"
"123038892","Poche Paris","","bcm499","needs_manual_review"
"127829573","POEVE","","bcm499","needs_manual_review"
"5675886","Poiray","","bcm499","needs_manual_review"
"16934749","Polaroid","","bcm499","needs_manual_review"
"124449141","POLDO DOG COUTURE","","bcm499","needs_manual_review"
"2165614","Police","","bcm499","needs_manual_review"
"853471","Pollini Vintage","","bcm499","needs_manual_review"
"9042284","Polly Wales","","bcm499","needs_manual_review"
"22775","Polo Ralph Lauren","폴로 랄프 로렌","bcm499","reviewed_or_rule_based"
"783731","Polo Ralph Lauren Vintage","폴로 랄프 로렌 빈티지","bcm499","reviewed_or_rule_based"
"17901050","POLSPOTTEN","","bcm499","needs_manual_review"
"722761","Poltrona Frau","","bcm499","needs_manual_review"
"7154598","Pomellato Eyewear","","bcm499","needs_manual_review"
"120117278","Pomme D´Or","","bcm499","needs_manual_review"
"50732880","PONTE VECCHIO","","bcm499","needs_manual_review"
"6701436","Pop Trading Company","","bcm499","needs_manual_review"
"3846175","Porsche Design","","bcm499","needs_manual_review"
"14627441","Port Tanger","","bcm499","needs_manual_review"
"2323156","Porter-Yoshida & Co.","","bcm499","needs_manual_review"
"146436109","Posa","","bcm499","needs_manual_review"
"103850770","Posse","","bcm499","needs_manual_review"
"12221677","Post Archive Faction","","bcm499","needs_manual_review"
"119901731","POST MERIDIEM","","bcm499","needs_manual_review"
"10063067","POSTER GIRL","","bcm499","needs_manual_review"
"129637162","POTAMY","","bcm499","needs_manual_review"
"2758164","Poupette St Barth","","bcm499","needs_manual_review"
"34624","Prada","프라다","bcm499","reviewed_or_rule_based"
"3494617","Prada Eyewear","프라다 아이웨어","bcm499","reviewed_or_rule_based"
"12059014","Prada Linea Rossa","프라다 리네아 로사","bcm499","reviewed_or_rule_based"
"92791","Prada Pre-Owned","프라다 프리오운드","bcm499","reviewed_or_rule_based"
"17080962","Pragnell","","bcm499","needs_manual_review"
"23470074","Pragnell Vintage","","bcm499","needs_manual_review"
"90409995","Pre-Owned Alexander Wang","프리오운드 알렉산더 왕","bcm499","reviewed_or_rule_based"
"2443126","Preciously","","bcm499","needs_manual_review"
"66021","Premiata","","bcm499","needs_manual_review"
"33245","Pretty Ballerinas","","bcm499","needs_manual_review"
"397092","Pringle of Scotland","","bcm499","needs_manual_review"
"15612606","Printworks","","bcm499","needs_manual_review"
"549539","Private 0204","","bcm499","needs_manual_review"
"52734","Pro-Keds","","bcm499","needs_manual_review"
"126838175","Produzione Privata","","bcm499","needs_manual_review"
"44150","Proenza Schouler","","bcm499","needs_manual_review"
"10026028","Proenza Schouler White Label","","bcm499","needs_manual_review"
"124613813","PRONOVIAS PARTY EDIT","","bcm499","needs_manual_review"
"126455434","Protémoa","","bcm499","needs_manual_review"
"141785646","PROTOCOL INDEX","","bcm499","needs_manual_review"
"108408646","PROTOTYPES","","bcm499","needs_manual_review"
"100965","PS Paul Smith","","bcm499","needs_manual_review"
"132162463","PSOPHIA","","bcm499","needs_manual_review"
"43282322","PT Torino","","bcm499","needs_manual_review"
"2478","PUCCI","","bcm499","needs_manual_review"
"70033","PUCCI Pre-Owned","","bcm499","needs_manual_review"
"13219382","Pulpo","","bcm499","needs_manual_review"
"1123","PUMA","","bcm499","needs_manual_review"
"7009046","Puma Kids","","bcm499","needs_manual_review"
"43535198","Puraai","","bcm499","needs_manual_review"
"670094","Purotatto","","bcm499","needs_manual_review"
"11098367","Purple Brand","","bcm499","needs_manual_review"
"5833751","pushBUTTON","","bcm499","needs_manual_review"
"172180","Pyrenex","","bcm499","needs_manual_review"
"1081277","Pyrrha","","bcm499","needs_manual_review"
"675716","Qasimi","","bcm499","needs_manual_review"
"8823185","Qeeboo","","bcm499","needs_manual_review"
"143789292","Quail Ceramics","","bcm499","needs_manual_review"
"119657205","QUELLEDUE","","bcm499","needs_manual_review"
"41711900","QUIRA","","bcm499","needs_manual_review"
"24017","R13","","bcm499","needs_manual_review"
"137308606","R2W","","bcm499","needs_manual_review"
"15061699","raawii","","bcm499","needs_manual_review"
"279695","Rabanne","라반느","bcm499","reviewed_or_rule_based"
"138866159","RABENS SALONER","","bcm499","needs_manual_review"
"3539543","Rado","","bcm499","needs_manual_review"
"125060285","Raffaello Rossi","","bcm499","needs_manual_review"
"40010","rag & bone","","bcm499","needs_manual_review"
"39959620","RAGBAG STUDIO","","bcm499","needs_manual_review"
"12080692","Rails","","bcm499","needs_manual_review"
"56804470","Rainbow K","","bcm499","needs_manual_review"
"1058138","Rains","","bcm499","needs_manual_review"
"13642282","RAKKI","","bcm499","needs_manual_review"
"17022","Ralph Lauren Collection","랄프 로렌 컬렉션","bcm499","reviewed_or_rule_based"
"16576361","Ralph Lauren Home","랄프 로렌 홈","bcm499","reviewed_or_rule_based"
"15773253","Ralph Lauren RRL","랄프 로렌 더블알엘","bcm499","reviewed_or_rule_based"
"45509232","Ramael","","bcm499","needs_manual_review"
"121523283","RAME","","bcm499","needs_manual_review"
"9807167","Rami Al Ali","","bcm499","needs_manual_review"
"8278585","Raphaele Canot","","bcm499","needs_manual_review"
"12048105","Rapport","","bcm499","needs_manual_review"
"7007932","Raquel Diniz","","bcm499","needs_manual_review"
"139539728","RASNA","","bcm499","needs_manual_review"
"123620452","Räthel & Wolf","","bcm499","needs_manual_review"
"10794792","Rave Review","","bcm499","needs_manual_review"
"99154950","RAXXY","","bcm499","needs_manual_review"
"6390","Ray-Ban","","bcm499","needs_manual_review"
"3344545","RE/DONE","","bcm499","needs_manual_review"
"80800","Rebecca Minkoff","","bcm499","needs_manual_review"
"3386496","Rebecca Vallance","","bcm499","needs_manual_review"
"39963754","Recto","","bcm499","needs_manual_review"
"13926","RED Valentino","레드 발렌티노","bcm499","reviewed_or_rule_based"
"56485","Red Wing Shoes","","bcm499","needs_manual_review"
"15283473","RED(V)","","bcm499","needs_manual_review"
"735267","Reebok","","bcm499","needs_manual_review"
"91644009","Reebok LTD","","bcm499","needs_manual_review"
"14470863","Reflections Copenhagen","","bcm499","needs_manual_review"
"7758329","Reformation","","bcm499","needs_manual_review"
"10343184","Reina Olga","","bcm499","needs_manual_review"
"163504","Reinhard Plank","","bcm499","needs_manual_review"
"11876818","REMAIN","","bcm499","needs_manual_review"
"125476743","RENATA BRENHA","","bcm499","needs_manual_review"
"28303172","RENATO CIPULLO","","bcm499","needs_manual_review"
"24100594","René Boivin","","bcm499","needs_manual_review"
"6617","René Caovilla","","bcm499","needs_manual_review"
"156130933","Renoir","","bcm499","needs_manual_review"
"126235","Replay","","bcm499","needs_manual_review"
"541430","Repossi","","bcm499","needs_manual_review"
"4532299","Represent","","bcm499","needs_manual_review"
"216795","Reptile's House","","bcm499","needs_manual_review"
"126233466","REPTILE´S HOUSE","","bcm499","needs_manual_review"
"2538200","Restelli","","bcm499","needs_manual_review"
"128925797","Résumé","","bcm499","needs_manual_review"
"126084629","RETHINKIT STUDIOS","","bcm499","needs_manual_review"
"9649346","Retrofete","","bcm499","needs_manual_review"
"109046","Retrosuperfuture","","bcm499","needs_manual_review"
"121048563","REUSCH","","bcm499","needs_manual_review"
"97243886","REV","","bcm499","needs_manual_review"
"123636551","Reward If Found","","bcm499","needs_manual_review"
"92741","Rewind Vintage Affairs","","bcm499","needs_manual_review"
"121967319","Rhea","","bcm499","needs_manual_review"
"123629205","RHIZOME","","bcm499","needs_manual_review"
"3303803","RHUDE","","bcm499","needs_manual_review"
"115905528","Rhun","","bcm499","needs_manual_review"
"124444280","Richard Tyler","","bcm499","needs_manual_review"
"3060","Rick Owens","릭 오웬스","bcm499","reviewed_or_rule_based"
"4752","Rick Owens DRKSHDW","","bcm499","needs_manual_review"
"3061","Rick Owens Lilies","","bcm499","needs_manual_review"
"102573","Rick Owens Vintage","릭 오웬스 빈티지","bcm499","reviewed_or_rule_based"
"11285044","Rick Owens X Champion","","bcm499","needs_manual_review"
"89212329","Rier","","bcm499","needs_manual_review"
"457295","Rigards","","bcm499","needs_manual_review"
"151528019","RINASCIMENTO","","bcm499","needs_manual_review"
"14130086","Ripndip","","bcm499","needs_manual_review"
"5427465","Rixo","","bcm499","needs_manual_review"
"4801534","Rizzoli","","bcm499","needs_manual_review"
"10343111","RJ Watches","","bcm499","needs_manual_review"
"5055341","ROA","","bcm499","needs_manual_review"
"193399","Robert Friedman","","bcm499","needs_manual_review"
"535095","Robert La Roche","","bcm499","needs_manual_review"
"120128","Roberta  di Camerino Pre-Owned","","bcm499","needs_manual_review"
"782111","Roberta Pieri","","bcm499","needs_manual_review"
"125654","Roberto Capucci Vintage","","bcm499","needs_manual_review"
"17127","Roberto Cavalli","","bcm499","needs_manual_review"
"453240","Roberto Cavalli Vintage","","bcm499","needs_manual_review"
"10502718","Roberto Coin","","bcm499","needs_manual_review"
"6886","Roberto Collina","","bcm499","needs_manual_review"
"11091677","Roberto Demeglio","","bcm499","needs_manual_review"
"6764733","Roberto Festa","","bcm499","needs_manual_review"
"1587961","Rocco Barocco Vintage","","bcm499","needs_manual_review"
"7369111","Rococo Sand","","bcm499","needs_manual_review"
"29114","Rodebjer","","bcm499","needs_manual_review"
"16762","Rodo","","bcm499","needs_manual_review"
"16671","Roger Vivier","로저 비비에","bcm499","reviewed_or_rule_based"
"34740384","Róhe","","bcm499","needs_manual_review"
"4801646","Rokh","","bcm499","needs_manual_review"
"46422","Roksanda","","bcm499","needs_manual_review"
"25059","Roland Mouret","","bcm499","needs_manual_review"
"3539544","Rolex","","bcm499","needs_manual_review"
"9578057","ROMEO GIGLI","","bcm499","needs_manual_review"
"131459","Romeo Gigli Pre-Owned","","bcm499","needs_manual_review"
"99039488","Ron White","","bcm499","needs_manual_review"
"5743932","Ronny Kobo","","bcm499","needs_manual_review"
"30695695","ROOM76","","bcm499","needs_manual_review"
"123670297","Rosa Clará","","bcm499","needs_manual_review"
"72844","Rosa Maria","","bcm499","needs_manual_review"
"129911","Rosantica","","bcm499","needs_manual_review"
"21389619","ROSEKEY","","bcm499","needs_manual_review"
"12805051","Rosenthal","","bcm499","needs_manual_review"
"127745205","ROSERRY","","bcm499","needs_manual_review"
"1110699","Rosie Assoulin","","bcm499","needs_manual_review"
"21390228","ROSIE KENT","","bcm499","needs_manual_review"
"124454678","Rossana Orlandi","","bcm499","needs_manual_review"
"120188488","ROSSI","","bcm499","needs_manual_review"
"1578970","Rossignol","","bcm499","needs_manual_review"
"1037047","Rossopuro","","bcm499","needs_manual_review"
"8771855","ROTATE BIRGER CHRISTENSEN","","bcm499","needs_manual_review"
"34741184","RoToTo","","bcm499","needs_manual_review"
"82789536","ROUGH.","","bcm499","needs_manual_review"
"12909176","Rowen Rose","","bcm499","needs_manual_review"
"15435156","Roxanne Assoulin","","bcm499","needs_manual_review"
"100069298","RRD","","bcm499","needs_manual_review"
"103395630","RRR123","","bcm499","needs_manual_review"
"151929558","RÙADH","","bcm499","needs_manual_review"
"17079336","Rudy Project","","bcm499","needs_manual_review"
"6499123","Rue De Verneuil","","bcm499","needs_manual_review"
"173254","Rundholz","","bcm499","needs_manual_review"
"3402275","Rundholz Black Label","","bcm499","needs_manual_review"
"38992918","RUOHAN","","bcm499","needs_manual_review"
"123628275","rusfrcade","","bcm499","needs_manual_review"
"6393963","Ruslan Baginskiy","","bcm499","needs_manual_review"
"15035663","RXQUETTE","","bcm499","needs_manual_review"
"121898496","Ryenn's Eyes","","bcm499","needs_manual_review"
"12058389","S.T. Dupont","","bcm499","needs_manual_review"
"145378167","S2S","","bcm499","needs_manual_review"
"60354756","SA SU PHI","","bcm499","needs_manual_review"
"87368399","SABINA BILENKO","","bcm499","needs_manual_review"
"3971","sacai","","bcm499","needs_manual_review"
"3501247","Sachin & Babi","","bcm499","needs_manual_review"
"538265","Safiyaa","","bcm499","needs_manual_review"
"223660","Saint James","","bcm499","needs_manual_review"
"547344","Saint Laurent","생로랑","bcm499","reviewed_or_rule_based"
"5224135","Saint Laurent Eyewear","생로랑 아이웨어","bcm499","reviewed_or_rule_based"
"61323144","Saint Laurent Pre-Owned","생로랑 프리오운드","bcm499","reviewed_or_rule_based"
"48563491","SAINT MXXXXXX","","bcm499","needs_manual_review"
"125263081","SALCE","","bcm499","needs_manual_review"
"123638387","Salewa","","bcm499","needs_manual_review"
"121049915","SALICE","","bcm499","needs_manual_review"
"17999063","Salomon","","bcm499","needs_manual_review"
"111701","Saloni","","bcm499","needs_manual_review"
"258774","Salvatore Santoro","","bcm499","needs_manual_review"
"13706501","Salvatori","","bcm499","needs_manual_review"
"57044","Sam Edelman","","bcm499","needs_manual_review"
"2145876","Sama Eyewear","","bcm499","needs_manual_review"
"7018","Samantha Sung","","bcm499","needs_manual_review"
"13219394","Sambonet","","bcm499","needs_manual_review"
"12370823","SAMSOE SAMSOE","","bcm499","needs_manual_review"
"10638571","SAMUEL GUÌ YANG","","bcm499","needs_manual_review"
"148422","San Blas","","bcm499","needs_manual_review"
"60986","San Lorenzo","","bcm499","needs_manual_review"
"129635850","SANA OSMANI","","bcm499","needs_manual_review"
"191277","Sandqvist","","bcm499","needs_manual_review"
"9967283","SANDRO","산드로","bcm499","reviewed_or_rule_based"
"530283","Sandro Ferrone","","bcm499","needs_manual_review"
"119269","Sans Arcidet","","bcm499","needs_manual_review"
"122481815","Sans Faff","","bcm499","needs_manual_review"
"42794784","Santa Brands","","bcm499","needs_manual_review"
"94775126","SANTHA","","bcm499","needs_manual_review"
"117134","Santoni","","bcm499","needs_manual_review"
"12068710","Santoro","","bcm499","needs_manual_review"
"31788669","SAPIO","","bcm499","needs_manual_review"
"25297","Sara Lanzi","","bcm499","needs_manual_review"
"125327","Sara Roka","","bcm499","needs_manual_review"
"12805054","Sargadelos","","bcm499","needs_manual_review"
"201607","Sartore","","bcm499","needs_manual_review"
"307477","Sartori Gold","","bcm499","needs_manual_review"
"3020793","Satisfy","","bcm499","needs_manual_review"
"102991477","Sato Eyewear","","bcm499","needs_manual_review"
"236061","Saucony","","bcm499","needs_manual_review"
"10504362","Sauer","","bcm499","needs_manual_review"
"14988354","Saul Nash","","bcm499","needs_manual_review"
"6641191","Sauren Eyewear","","bcm499","needs_manual_review"
"2821953","Save The Duck","","bcm499","needs_manual_review"
"34739943","Savette","","bcm499","needs_manual_review"
"53075462","SAYSKY","","bcm499","needs_manual_review"
"125123400","SCARLETT POPPIES","","bcm499","needs_manual_review"
"11091675","Scarosso","","bcm499","needs_manual_review"
"121050054","SCARPA","","bcm499","needs_manual_review"
"494164","Scha","","bcm499","needs_manual_review"
"138852397","SCHELL","","bcm499","needs_manual_review"
"317833","Schiaparelli Vintage","","bcm499","needs_manual_review"
"15535","Scholl","","bcm499","needs_manual_review"
"15415117","Schönbuch","","bcm499","needs_manual_review"
"54665","Schutz","","bcm499","needs_manual_review"
"6813","Scotch & Soda","","bcm499","needs_manual_review"
"104957625","SCUDERIA FERRARI","","bcm499","needs_manual_review"
"66495","Scunzani Ivo","","bcm499","needs_manual_review"
"80795","Sea","","bcm499","needs_manual_review"
"24299381","Seafarer","","bcm499","needs_manual_review"
"8750585","Seafolly","","bcm499","needs_manual_review"
"102072175","SEB BROWN","","bcm499","needs_manual_review"
"1657","Sebago","","bcm499","needs_manual_review"
"124451583","Secret Pon Pon","","bcm499","needs_manual_review"
"843466","Seductive","","bcm499","needs_manual_review"
"3451","See by Chloé","","bcm499","needs_manual_review"
"309257","See By Chloé Vintage","","bcm499","needs_manual_review"
"4828907","Seen Users","","bcm499","needs_manual_review"
"10070352","Séfr","","bcm499","needs_manual_review"
"126183496","SELECTED","","bcm499","needs_manual_review"
"8823190","Seletti","","bcm499","needs_manual_review"
"2049368","Self-Portrait","셀프포트레이트","bcm499","reviewed_or_rule_based"
"27704551","Selia Richwood","","bcm499","needs_manual_review"
"7598804","Selim Mouzannar","","bcm499","needs_manual_review"
"3947991","Semicouture","","bcm499","needs_manual_review"
"127092905","Semper","","bcm499","needs_manual_review"
"271116","Sensi Studio","","bcm499","needs_manual_review"
"742527","Senso","","bcm499","needs_manual_review"
"115950958","SENTIER","","bcm499","needs_manual_review"
"1323659","Serapian","","bcm499","needs_manual_review"
"21871698","Serax","","bcm499","needs_manual_review"
"51176368","SERENA UZIYEL","","bcm499","needs_manual_review"
"36222191","Serengeti Eyewear","","bcm499","needs_manual_review"
"49640846","Sergio Levantesi","","bcm499","needs_manual_review"
"146525986","SERGIO MORETTI FIRENZE","","bcm499","needs_manual_review"
"6531","Sergio Rossi","","bcm499","needs_manual_review"
"98868447","SEROYA","","bcm499","needs_manual_review"
"294251","SERPUI","","bcm499","needs_manual_review"
"120494307","Service Works","","bcm499","needs_manual_review"
"49524","Sessùn","","bcm499","needs_manual_review"
"104724809","Sestini Eyewear","","bcm499","needs_manual_review"
"39965623","Setchu","","bcm499","needs_manual_review"
"105041344","SEVEN GAUGE","","bcm499","needs_manual_review"
"525806","Seventy","","bcm499","needs_manual_review"
"136276456","shani shemer","","bcm499","needs_manual_review"
"124439814","Sharra Pagano","","bcm499","needs_manual_review"
"549401","Shaun Leane","","bcm499","needs_manual_review"
"4863662","SHAY","","bcm499","needs_manual_review"
"3616321","Shihara","","bcm499","needs_manual_review"
"12724984","Shinkai","","bcm499","needs_manual_review"
"532466","Shona Joy","","bcm499","needs_manual_review"
"28055","Shoto","","bcm499","needs_manual_review"
"6643367","SHUSHU/TONG","","bcm499","needs_manual_review"
"1142","Si Rossi","","bcm499","needs_manual_review"
"544061","Sia Taylor","","bcm499","needs_manual_review"
"38647946","SICIS JEWELS","","bcm499","needs_manual_review"
"50004906","SIEDRES","","bcm499","needs_manual_review"
"10041245","SIEGER by FÜRSTENBERG","","bcm499","needs_manual_review"
"126618","Silhouette","","bcm499","needs_manual_review"
"123656576","SILK LOVE & LACE","","bcm499","needs_manual_review"
"141714494","SILLAGE","","bcm499","needs_manual_review"
"314303","Silvia Gnecchi","","bcm499","needs_manual_review"
"5980066","Silvia Tcherassi","","bcm499","needs_manual_review"
"451807","Simkhai","","bcm499","needs_manual_review"
"121213","Simon Miller","","bcm499","needs_manual_review"
"12270498","SIMONA CORSELLINI","","bcm499","needs_manual_review"
"146305804","Simone Guidarelli Home","","bcm499","needs_manual_review"
"135361","Simone Rocha","","bcm499","needs_manual_review"
"154797","Simonetta Ravizza","","bcm499","needs_manual_review"
"10143755","SIR.","","bcm499","needs_manual_review"
"12068604","Sisley","","bcm499","needs_manual_review"
"132504713","SISSIOTTO","","bcm499","needs_manual_review"
"29459684","Sister Jane","","bcm499","needs_manual_review"
"145629664","Sister’s Aroma","","bcm499","needs_manual_review"
"135889928","Sitre","","bcm499","needs_manual_review"
"133223908","SITTINGSUITS","","bcm499","needs_manual_review"
"44112001","Skall Studio","","bcm499","needs_manual_review"
"13245534","Skechers","","bcm499","needs_manual_review"
"5048213","Skiim","","bcm499","needs_manual_review"
"148368234","SKIN SERIES","","bcm499","needs_manual_review"
"13219401","Skultuna","","bcm499","needs_manual_review"
"50062267","Skyline Chess","","bcm499","needs_manual_review"
"124385446","SLEEP NO MORE","","bcm499","needs_manual_review"
"14211948","Sleeper","","bcm499","needs_manual_review"
"9804617","SLVRLAKE","","bcm499","needs_manual_review"
"12068589","Smeg","","bcm499","needs_manual_review"
"7516478","Smith","","bcm499","needs_manual_review"
"397029","Smythson","","bcm499","needs_manual_review"
"123619181","Sneeze Magazine","","bcm499","needs_manual_review"
"7285875","Snob","","bcm499","needs_manual_review"
"4559135","Snow Peak","","bcm499","needs_manual_review"
"34503763","SO-LE STUDIO","","bcm499","needs_manual_review"
"5273031","SO.YA","","bcm499","needs_manual_review"
"145368056","Sociel","","bcm499","needs_manual_review"
"2180","Société Anonyme","","bcm499","needs_manual_review"
"12080437","Society","","bcm499","needs_manual_review"
"121667260","Society Limonta","","bcm499","needs_manual_review"
"8245809","Soeur","","bcm499","needs_manual_review"
"61644306","SOFIA ERHAN","","bcm499","needs_manual_review"
"99840747","SOFIA ZAKIA","","bcm499","needs_manual_review"
"18428","Sofie D'hoore","","bcm499","needs_manual_review"
"120796829","Soft Goat","","bcm499","needs_manual_review"
"123276227","SOGGLE","","bcm499","needs_manual_review"
"15035074","Soho Home","","bcm499","needs_manual_review"
"2782761","Solace London","","bcm499","needs_manual_review"
"121575838","Solamor1946","","bcm499","needs_manual_review"
"145416481","Sold Out NYC","","bcm499","needs_manual_review"
"50072552","SOLOTRE","","bcm499","needs_manual_review"
"5862564","Something Wicked","","bcm499","needs_manual_review"
"126386645","SOMMET","","bcm499","needs_manual_review"
"697167","Song For The Mute","","bcm499","needs_manual_review"
"16393374","SONGZIO","","bcm499","needs_manual_review"
"131861","Sonia Rykiel Pre-Owned","","bcm499","needs_manual_review"
"3956468","Sonora","","bcm499","needs_manual_review"
"731219","Sophia Webster","","bcm499","needs_manual_review"
"1248729","Sophie Bille Brahe","","bcm499","needs_manual_review"
"4691475","Sophie Buhai","","bcm499","needs_manual_review"
"104475545","Sophie Lou Jacobsen","","bcm499","needs_manual_review"
"126813718","SOPHIQUE","","bcm499","needs_manual_review"
"484313","SOREL","","bcm499","needs_manual_review"
"131278","Sorelle Fontana Vintage","","bcm499","needs_manual_review"
"125486020","SoSUE","","bcm499","needs_manual_review"
"135555534","Souleiado","","bcm499","needs_manual_review"
"9160187","Souliers Martinez","","bcm499","needs_manual_review"
"287173","Soulland","","bcm499","needs_manual_review"
"116093567","SOWDEN","","bcm499","needs_manual_review"
"123616457","Space Available","","bcm499","needs_manual_review"
"870181","SPANX","","bcm499","needs_manual_review"
"342163","Spektre","","bcm499","needs_manual_review"
"49917072","Spencer Badu","","bcm499","needs_manual_review"
"16315","Sperry Top-Sider","","bcm499","needs_manual_review"
"184246","Spinelli Kilcollin","","bcm499","needs_manual_review"
"3960612","Splits59","","bcm499","needs_manual_review"
"121048331","SPORTFUL","","bcm499","needs_manual_review"
"12688277","Sportmax","","bcm499","needs_manual_review"
"889358","Sportmax Vintage","","bcm499","needs_manual_review"
"14917427","Sporty & Rich","","bcm499","needs_manual_review"
"6036100","Sprayground","","bcm499","needs_manual_review"
"12441939","sprayground kid","","bcm499","needs_manual_review"
"5055380","Sprwmn","","bcm499","needs_manual_review"
"149034519","SPY+","","bcm499","needs_manual_review"
"100339474","SRVC Studio","","bcm499","needs_manual_review"
"3721719","Ssheena","","bcm499","needs_manual_review"
"12911690","St. Agni","","bcm499","needs_manual_review"
"5337112","STAND STUDIO","","bcm499","needs_manual_review"
"13109583","Stanley","","bcm499","needs_manual_review"
"14919517","STATEMENT PARIS","","bcm499","needs_manual_review"
"12057772","Staub","","bcm499","needs_manual_review"
"4691474","STAUD","","bcm499","needs_manual_review"
"10954871","Stefan Cooke","","bcm499","needs_manual_review"
"2728681","Stefere","","bcm499","needs_manual_review"
"105248630","STEIN","","bcm499","needs_manual_review"
"5502","Stella McCartney","스텔라 맥카트니","bcm499","reviewed_or_rule_based"
"5220386","Stella McCartney Eyewear","스텔라 맥카트니 아이웨어","bcm499","reviewed_or_rule_based"
"115033480","Stella McCartney Pre-Owned","스텔라 맥카트니 프리오운드","bcm499","reviewed_or_rule_based"
"1147603","Stella Nova","","bcm499","needs_manual_review"
"116899279","Stephan Janson","","bcm499","needs_manual_review"
"289369","Stephen Sprouse Pre-Owned","","bcm499","needs_manual_review"
"145368152","STEPPER EYEWEAR","","bcm499","needs_manual_review"
"24100620","Sterlé","","bcm499","needs_manual_review"
"27574537","Still Here","","bcm499","needs_manual_review"
"10442","Stine Goya","","bcm499","needs_manual_review"
"93313850","Stockholm Surfboard Club","","bcm499","needs_manual_review"
"34387","Stolen Girlfriends Club","","bcm499","needs_manual_review"
"13198","Stone Island","스톤 아일랜드","bcm499","reviewed_or_rule_based"
"16587658","Stories of Italy","","bcm499","needs_manual_review"
"11875511","STORY mfg.","","bcm499","needs_manual_review"
"65909","Stouls","","bcm499","needs_manual_review"
"120116716","strategia shoes","","bcm499","needs_manual_review"
"149012866","Street One","","bcm499","needs_manual_review"
"15543","Stuart Weitzman","","bcm499","needs_manual_review"
"10154818","Studio Amelia","","bcm499","needs_manual_review"
"297428","Studio Nicholson","","bcm499","needs_manual_review"
"143805053","STUFF DESIGN","","bcm499","needs_manual_review"
"12203004","sturlini firenze","","bcm499","needs_manual_review"
"41475","Stüssy","","bcm499","needs_manual_review"
"285752","Stutterheim","","bcm499","needs_manual_review"
"6261417","STYLAND","","bcm499","needs_manual_review"
"6152","Stylein","","bcm499","needs_manual_review"
"4009574","Su","","bcm499","needs_manual_review"
"2682727","Suicoke","","bcm499","needs_manual_review"
"148819517","SUMMIT GAMES","","bcm499","needs_manual_review"
"1763474","Sun Buddies","","bcm499","needs_manual_review"
"1601546","Sun68","","bcm499","needs_manual_review"
"133231","Sundek","","bcm499","needs_manual_review"
"6965588","Sundress","","bcm499","needs_manual_review"
"3018078","Sunnei","","bcm499","needs_manual_review"
"14022620","Sunnylife Kids","","bcm499","needs_manual_review"
"44894","Superga","","bcm499","needs_manual_review"
"117030","Susan Caplan Vintage","","bcm499","needs_manual_review"
"5853353","Suzanne Kalan","","bcm499","needs_manual_review"
"17080753","Suzie Kondi","","bcm499","needs_manual_review"
"227990","Suzusan","","bcm499","needs_manual_review"
"12270152","Swarovski","","bcm499","needs_manual_review"
"6764721","Swarovski Eyewear","","bcm499","needs_manual_review"
"578263","Swarovski Vintage","","bcm499","needs_manual_review"
"97","SWEAR","","bcm499","needs_manual_review"
"125598702","Swedish Stockings","","bcm499","needs_manual_review"
"156308823","SWEET CASHMERE","","bcm499","needs_manual_review"
"12286109","SWEETLIMEJUICE","","bcm499","needs_manual_review"
"121967364","Swim By Di","","bcm499","needs_manual_review"
"398124","Sword","","bcm499","needs_manual_review"
"31431","Sydney Evan","","bcm499","needs_manual_review"
"80278","Sylvia Toledano","","bcm499","needs_manual_review"
"1352835","System","","bcm499","needs_manual_review"
"62909915","T Henri Eyewear","","bcm499","needs_manual_review"
"136256077","T-Dress","","bcm499","needs_manual_review"
"59988051","Tabayer","","bcm499","needs_manual_review"
"45200601","Tabi Footwear","","bcm499","needs_manual_review"
"2682717","TAG Heuer","","bcm499","needs_manual_review"
"7209581","Tag Heuer Eyewear","","bcm499","needs_manual_review"
"16984796","TAG Heuer Pre-Owned","","bcm499","needs_manual_review"
"42258","Tagliatore","","bcm499","needs_manual_review"
"40544502","Taion","","bcm499","needs_manual_review"
"127704750","TAJI","","bcm499","needs_manual_review"
"842573","Talbot Runhof","","bcm499","needs_manual_review"
"8511524","Taller Marmo","","bcm499","needs_manual_review"
"1444283","Tamara Mellon","","bcm499","needs_manual_review"
"94946537","Tamara Taichman","","bcm499","needs_manual_review"
"10518811","Tanaka","","bcm499","needs_manual_review"
"1331890","TASAKI","","bcm499","needs_manual_review"
"128324","TASCHEN","","bcm499","needs_manual_review"
"645975","Tassinari","","bcm499","needs_manual_review"
"32181","Tateossian","","bcm499","needs_manual_review"
"12080457","Ted Baker","","bcm499","needs_manual_review"
"126300671","Teenage Engineering","","bcm499","needs_manual_review"
"8982876","TEKLA","","bcm499","needs_manual_review"
"6005617","Tela","","bcm499","needs_manual_review"
"115952306","TELERIA ZED","","bcm499","needs_manual_review"
"156273455","TEMILY","","bcm499","needs_manual_review"
"20295","Ter Et Bantine","","bcm499","needs_manual_review"
"133179049","TESSITURA TOSCANA TELERIE","","bcm499","needs_manual_review"
"127929543","Teurn Studios","","bcm499","needs_manual_review"
"124963113","THA SEEN","","bcm499","needs_manual_review"
"120563178","THAMES E HUDSON","","bcm499","needs_manual_review"
"10198838","THE ANDAMANE","","bcm499","needs_manual_review"
"4445812","The Animals Observatory","","bcm499","needs_manual_review"
"100472885","THE ARCHIVIA","","bcm499","needs_manual_review"
"148301854","THE ARKOW","","bcm499","needs_manual_review"
"5319781","The Arrivals","","bcm499","needs_manual_review"
"3680256","The Attico","","bcm499","needs_manual_review"
"13968768","The Bridge","","bcm499","needs_manual_review"
"112332934","The Conran Shop","","bcm499","needs_manual_review"
"12646","The Elder Statesman","","bcm499","needs_manual_review"
"14273972","The Frankie Shop","","bcm499","needs_manual_review"
"39681403","The Garment","","bcm499","needs_manual_review"
"10502822","The Great.","","bcm499","needs_manual_review"
"124386484","THE HAT GANG","","bcm499","needs_manual_review"
"13931505","The House of Aziz & Walid Mouzannar","","bcm499","needs_manual_review"
"83754293","The House of Lyria","","bcm499","needs_manual_review"
"122931871","The Jackie Leathers","","bcm499","needs_manual_review"
"3251963","The Kooples","","bcm499","needs_manual_review"
"720400","The Last Conspiracy","","bcm499","needs_manual_review"
"24299249","The Mannei","","bcm499","needs_manual_review"
"51205786","The New Arrivals Ilkyaz Ozel","","bcm499","needs_manual_review"
"14056585","THE NEW SOCIETY","","bcm499","needs_manual_review"
"93077971","THE NINA STUDIO","","bcm499","needs_manual_review"
"513808","The North Face","","bcm499","needs_manual_review"
"51408254","THE ROSE IBIZA","","bcm499","needs_manual_review"
"42445","The Row","더로우","bcm499","reviewed_or_rule_based"
"115041063","The Row Pre-Owned","더로우 프리오운드","bcm499","reviewed_or_rule_based"
"692474","The Seafarer","","bcm499","needs_manual_review"
"125610674","The Sei","","bcm499","needs_manual_review"
"640442","The Seller","","bcm499","needs_manual_review"
"3045216","The Upside","","bcm499","needs_manual_review"
"111783095","Thea Mika","","bcm499","needs_manual_review"
"119657424","THELATEST","","bcm499","needs_manual_review"
"80027617","TheMercer.","","bcm499","needs_manual_review"
"58678827","Themis Z","","bcm499","needs_manual_review"
"13504748","Themoirè","","bcm499","needs_manual_review"
"9463","Theory","띠어리","bcm499","reviewed_or_rule_based"
"141169736","THESTROY","","bcm499","needs_manual_review"
"91008","Thierry Lasry","","bcm499","needs_manual_review"
"73050","Thierry Mugler Pre-Owned","","bcm499","needs_manual_review"
"39691","Thom Browne","톰브라운","bcm499","reviewed_or_rule_based"
"5404743","Thom Browne Eyewear","톰브라운 아이웨어","bcm499","reviewed_or_rule_based"
"146173","Thom Krom","","bcm499","needs_manual_review"
"3834","Tibi","","bcm499","needs_manual_review"
"7227428","Tiffany & Co Eyewear","","bcm499","needs_manual_review"
"2302343","Tiffany & Co.","","bcm499","needs_manual_review"
"584751","Tiffany & Co. Pre-Owned","","bcm499","needs_manual_review"
"145147205","TIGRA TIGRA","","bcm499","needs_manual_review"
"29242","Timberland","","bcm499","needs_manual_review"
"12055243","Timeless Pearly","","bcm499","needs_manual_review"
"14797","TIMEX","","bcm499","needs_manual_review"
"54730","Tkees","","bcm499","needs_manual_review"
"61090","Tobias Wistisen","","bcm499","needs_manual_review"
"29852","Tod's","토즈","bcm499","reviewed_or_rule_based"
"922897","Tod's Vintage","토즈 빈티지","bcm499","reviewed_or_rule_based"
"4513869","Toga Pulla","","bcm499","needs_manual_review"
"501768","Tom Binns","","bcm499","needs_manual_review"
"1471019","Tom Dixon","","bcm499","needs_manual_review"
"8519","TOM FORD","","bcm499","needs_manual_review"
"3664319","TOM FORD Eyewear","","bcm499","needs_manual_review"
"134854772","Tom Ford Pre-Owned","","bcm499","needs_manual_review"
"3680237","Tom Wood","","bcm499","needs_manual_review"
"81320692","TOMBOY","","bcm499","needs_manual_review"
"29246","Tommy Hilfiger","","bcm499","needs_manual_review"
"4988113","Tommy Jeans","","bcm499","needs_manual_review"
"36169","Toms","","bcm499","needs_manual_review"
"263653","Toni Pons","","bcm499","needs_manual_review"
"118468511","TONYWACK","","bcm499","needs_manual_review"
"96755098","Topologie","","bcm499","needs_manual_review"
"18286","Tory Burch","토리버치","bcm499","reviewed_or_rule_based"
"3802680","TOTEME","토템","bcm499","reviewed_or_rule_based"
"122257442","TOUS","","bcm499","needs_manual_review"
"18530365","TOVE","","bcm499","needs_manual_review"
"27701020","Transparent","","bcm499","needs_manual_review"
"13219405","Tre Product","","bcm499","needs_manual_review"
"147476711","Trebonn","","bcm499","needs_manual_review"
"344479","Trifari Vintage","","bcm499","needs_manual_review"
"101761","Trippen","","bcm499","needs_manual_review"
"781259","Troubadour","","bcm499","needs_manual_review"
"59639","TRUDON","","bcm499","needs_manual_review"
"2175041","True Rocks","","bcm499","needs_manual_review"
"39952","True Royal","","bcm499","needs_manual_review"
"223603","Trussardi","","bcm499","needs_manual_review"
"131786","Trussardi Vintage","","bcm499","needs_manual_review"
"988351","Tu es mon Tresor","","bcm499","needs_manual_review"
"3539546","TUDOR","","bcm499","needs_manual_review"
"65309","Tumi","","bcm499","needs_manual_review"
"115970880","TWENTY FOURHAITCH","","bcm499","needs_manual_review"
"177998","TWINSET","","bcm499","needs_manual_review"
"53881985","TWOJEYS","","bcm499","needs_manual_review"
"60650646","TWP","","bcm499","needs_manual_review"
"151518111","U.S. POLO ASSN.","","bcm499","needs_manual_review"
"23606","UGG","어그","bcm499","reviewed_or_rule_based"
"18517","Ugo Cacciatori","","bcm499","needs_manual_review"
"218211","Ugo Correani Vintage","","bcm499","needs_manual_review"
"208460","Ulla Johnson","","bcm499","needs_manual_review"
"145372973","Ultem","","bcm499","needs_manual_review"
"451507","Uma Wang","","bcm499","needs_manual_review"
"122594620","UMBER POSTPAST","","bcm499","needs_manual_review"
"115300190","UMBRO","","bcm499","needs_manual_review"
"128161968","un-artig","","bcm499","needs_manual_review"
"761854","Uncommon Matters","","bcm499","needs_manual_review"
"11876780","Under Armour","","bcm499","needs_manual_review"
"3062","Undercover","","bcm499","needs_manual_review"
"133675939","UNDERGOLD","","bcm499","needs_manual_review"
"99036638","Ungaro","","bcm499","needs_manual_review"
"83172985","unimatic","","bcm499","needs_manual_review"
"107016817","Uniqka","","bcm499","needs_manual_review"
"194","United Nude","","bcm499","needs_manual_review"
"122592883","UNNA","","bcm499","needs_manual_review"
"4051509","UNRAVEL PROJECT","","bcm499","needs_manual_review"
"156131899","UPPERVOID","","bcm499","needs_manual_review"
"458617","Urbancode","","bcm499","needs_manual_review"
"42796273","URSA","","bcm499","needs_manual_review"
"82620195","Utopia & Utility","","bcm499","needs_manual_review"
"505961","Utzon","","bcm499","needs_manual_review"
"121049433","UYN","","bcm499","needs_manual_review"
"1011976","V by Laura Vann","","bcm499","needs_manual_review"
"112945453","V JEWELLERY","","bcm499","needs_manual_review"
"15035680","V:PM ATELIER","","bcm499","needs_manual_review"
"43281919","V°73","","bcm499","needs_manual_review"
"3846453","Vacheron Constantin","","bcm499","needs_manual_review"
"59163489","VAGABOND","","bcm499","needs_manual_review"
"65722400","VAILLANT STUDIO","","bcm499","needs_manual_review"
"111976601","VALENTINI 1972","","bcm499","needs_manual_review"
"534369","Valentino Garavani","발렌티노 가라바니","bcm499","reviewed_or_rule_based"
"5221149","VALENTINO GARAVANI EYEWEAR","발렌티노 가라바니 아이웨어","bcm499","reviewed_or_rule_based"
"17524559","Valentino Garavani Pre-Owned","발렌티노 가라바니 프리오운드","bcm499","reviewed_or_rule_based"
"73041","Valentino Pre-Owned","발렌티노 프리오운드","bcm499","reviewed_or_rule_based"
"148268056","VALESQUE","","bcm499","needs_manual_review"
"82315","Valextra","발렉스트라","bcm499","reviewed_or_rule_based"
"5683890","Valsport","","bcm499","needs_manual_review"
"5773416","Van Cleef & Arpels","","bcm499","needs_manual_review"
"14847437","Van Cleef & Arpels Pre-Owned","","bcm499","needs_manual_review"
"1056024","Van Cleef & Arpels Vintage","","bcm499","needs_manual_review"
"10602","Vanessa Bruno","","bcm499","needs_manual_review"
"13504235","Vanessa Mitrani","","bcm499","needs_manual_review"
"12365129","Vanisè","","bcm499","needs_manual_review"
"16370262","Vann Jewelry","","bcm499","needs_manual_review"
"145807","Vans","","bcm499","needs_manual_review"
"7224126","Vaquera","","bcm499","needs_manual_review"
"3469015","Varley","","bcm499","needs_manual_review"
"17604792","VAVA Eyewear","","bcm499","needs_manual_review"
"13815464","VeeCollective","","bcm499","needs_manual_review"
"106898563","VEERT","","bcm499","needs_manual_review"
"127398","Veilance","","bcm499","needs_manual_review"
"164","VEJA","","bcm499","needs_manual_review"
"129923171","VELANTE","","bcm499","needs_manual_review"
"139356819","Vendome","","bcm499","needs_manual_review"
"1022894","Venini","","bcm499","needs_manual_review"
"118048498","VENUJA","","bcm499","needs_manual_review"
"2223751","Venyx","","bcm499","needs_manual_review"
"129024304","VERO MODA","","bcm499","needs_manual_review"
"96856","Veronica Beard","","bcm499","needs_manual_review"
"551419","Veronique Leroy","","bcm499","needs_manual_review"
"6803","Versace","베르사체","bcm499","reviewed_or_rule_based"
"6764696","Versace Eyewear","베르사체 아이웨어","bcm499","reviewed_or_rule_based"
"12270608","Versace Home","베르사체 홈","bcm499","reviewed_or_rule_based"
"10768029","Versace Jeans Couture","베르사체 진 쿠튀르","bcm499","reviewed_or_rule_based"
"129178","Versace Pre-Owned","베르사체 프리오운드","bcm499","reviewed_or_rule_based"
"212432","Versus Pre-Owned","","bcm499","needs_manual_review"
"2821967","Very French Gangsters","","bcm499","needs_manual_review"
"122887508","VESTA","","bcm499","needs_manual_review"
"127176456","Vestiaire d'un Oiseau Libre","","bcm499","needs_manual_review"
"14223633","VETEMENTS","","bcm499","needs_manual_review"
"84710764","VEYNOU","","bcm499","needs_manual_review"
"17610070","VHERNIER","","bcm499","needs_manual_review"
"5934304","Via Roma 15","","bcm499","needs_manual_review"
"148269980","VIBAe","","bcm499","needs_manual_review"
"539536","Vibe Harsløf","","bcm499","needs_manual_review"
"10557370","Vibi Venezia","","bcm499","needs_manual_review"
"47068","Vibram","","bcm499","needs_manual_review"
"1562091","Vic Matie","","bcm499","needs_manual_review"
"15403","Vicini","","bcm499","needs_manual_review"
"123300752","VICOLO","","bcm499","needs_manual_review"
"235168","Victoria Beckham","","bcm499","needs_manual_review"
"14211540","Victoria Beckham Eyewear","","bcm499","needs_manual_review"
"340439","Victoria Victoria Beckham","","bcm499","needs_manual_review"
"124613996","VIETTI MERCHANDISE","","bcm499","needs_manual_review"
"4191","Viktor & Rolf","","bcm499","needs_manual_review"
"151541062","VILA","","bcm499","needs_manual_review"
"359751","Vilebrequin","","bcm499","needs_manual_review"
"122593745","Village PM","","bcm499","needs_manual_review"
"12068099","Villeroy & Boch","","bcm499","needs_manual_review"
"17466","Vince","","bcm499","needs_manual_review"
"487996","Vintage","빈티지","bcm499","reviewed_or_rule_based"
"1793840","Violante Nessi","","bcm499","needs_manual_review"
"93793","Vionnet","","bcm499","needs_manual_review"
"121732955","VIPERA","","bcm499","needs_manual_review"
"22890861","Virón","","bcm499","needs_manual_review"
"6251798","Vision Of Super","","bcm499","needs_manual_review"
"121049421","VISONA`","","bcm499","needs_manual_review"
"13220385","Vista Alegre","","bcm499","needs_manual_review"
"2331371","Vita Kin","","bcm499","needs_manual_review"
"1083800","Vitra","","bcm499","needs_manual_review"
"130505331","VIVEH","","bcm499","needs_manual_review"
"333761","Vivetta","","bcm499","needs_manual_review"
"8750","Vivienne Westwood","비비안 웨스트우드","bcm499","reviewed_or_rule_based"
"217592","Vivienne Westwood Pre-Owned","비비안 웨스트우드 프리오운드","bcm499","reviewed_or_rule_based"
"125451244","VIVYINROSA","","bcm499","needs_manual_review"
"60076","Vogue","","bcm499","needs_manual_review"
"4672194","Vogue Eyewear","","bcm499","needs_manual_review"
"1654","Voile Blanche","","bcm499","needs_manual_review"
"121988099","Volantis","","bcm499","needs_manual_review"
"139050279","VORANIDA","","bcm499","needs_manual_review"
"122598909","Vous Décidez","","bcm499","needs_manual_review"
"1054383","Voyage Et Cie","","bcm499","needs_manual_review"
"44937575","VTMNTS","","bcm499","needs_manual_review"
"1379061","Vuarnet","","bcm499","needs_manual_review"
"49907526","VUORI","","bcm499","needs_manual_review"
"118581661","Vysen Eyewear","","bcm499","needs_manual_review"
"12054472","Wacoal","","bcm499","needs_manual_review"
"4580755","Wales Bonner","","bcm499","needs_manual_review"
"108286941","WALK IN PARIS","","bcm499","needs_manual_review"
"792405","Walter Steiger","","bcm499","needs_manual_review"
"4801","Walter Van Beirendonck","","bcm499","needs_manual_review"
"210126","Walter Van Beirendonck Pre-Owned","","bcm499","needs_manual_review"
"5833323","Wandler","","bcm499","needs_manual_review"
"9998459","WARDROBE.NYC","","bcm499","needs_manual_review"
"539957","Warm-Me","","bcm499","needs_manual_review"
"34503776","Washington Dee Cee","","bcm499","needs_manual_review"
"82117166","Wästberg","","bcm499","needs_manual_review"
"11488763","We by WHITEbIRD","","bcm499","needs_manual_review"
"7094654","We11done","","bcm499","needs_manual_review"
"786218","Weekend Max Mara","","bcm499","needs_manual_review"
"3543099","Weili Zheng","","bcm499","needs_manual_review"
"106242635","WEILL PARIS","","bcm499","needs_manual_review"
"65368","WERKSTATT:MÜNCHEN","","bcm499","needs_manual_review"
"6904134","White Sand","","bcm499","needs_manual_review"
"29276504","Who Decides War","","bcm499","needs_manual_review"
"3895273","Willy Chavarria","","bcm499","needs_manual_review"
"122102471","WOC","","bcm499","needs_manual_review"
"10039404","WOLF","","bcm499","needs_manual_review"
"421766","Wolford","","bcm499","needs_manual_review"
"93874","Won Hundred","","bcm499","needs_manual_review"
"147484996","Wontek","","bcm499","needs_manual_review"
"153341226","woodsea","","bcm499","needs_manual_review"
"149262697","WoodWick","","bcm499","needs_manual_review"
"58166","Woolrich","","bcm499","needs_manual_review"
"576486","Wouters & Hendrix","","bcm499","needs_manual_review"
"1066498","Wouters & Hendrix Gold","","bcm499","needs_manual_review"
"817412","Wrangler Vintage","","bcm499","needs_manual_review"
"54363781","WRSTBHVR","","bcm499","needs_manual_review"
"2225537","WTAPS","","bcm499","needs_manual_review"
"153147494","WUD","","bcm499","needs_manual_review"
"7221","Wunderkind","","bcm499","needs_manual_review"
"1389371","WWAKE","","bcm499","needs_manual_review"
"1031468","Xacus","","bcm499","needs_manual_review"
"6487946","Xirena","","bcm499","needs_manual_review"
"13219266","XLBoom","","bcm499","needs_manual_review"
"17886","Y-3","","bcm499","needs_manual_review"
"1259945","Y's","","bcm499","needs_manual_review"
"174820","Y/Project","","bcm499","needs_manual_review"
"114061815","YANGKEHAN","","bcm499","needs_manual_review"
"136497043","yankee candle","","bcm499","needs_manual_review"
"3137559","Yannis Sergakis","","bcm499","needs_manual_review"
"99158016","YANYAN KNITS","","bcm499","needs_manual_review"
"85010714","Yasuko Azuma","","bcm499","needs_manual_review"
"117089568","YAVI","","bcm499","needs_manual_review"
"105247151","YEHUAFAN","","bcm499","needs_manual_review"
"51087758","YELLOW PLUS","","bcm499","needs_manual_review"
"4712419","Yellows Plus","","bcm499","needs_manual_review"
"5514898","Yeprem","","bcm499","needs_manual_review"
"28834915","YETI","","bcm499","needs_manual_review"
"28165489","YI Collection","","bcm499","needs_manual_review"
"7618","YMC","","bcm499","needs_manual_review"
"4666","Yohji Yamamoto","","bcm499","needs_manual_review"
"120259","Yohji Yamamoto Pre-Owned","","bcm499","needs_manual_review"
"10920637","Yoko London","","bcm499","needs_manual_review"
"2701195","Yoshiyo","","bcm499","needs_manual_review"
"11817","YOU MAWO","","bcm499","needs_manual_review"
"142103238","YPARIS","","bcm499","needs_manual_review"
"126275924","YSSO","","bcm499","needs_manual_review"
"5123098","Yuiki Shimoji","","bcm499","needs_manual_review"
"3914426","Yuliya Magdych","","bcm499","needs_manual_review"
"16259742","YUME YUME","","bcm499","needs_manual_review"
"306838","Yuzefi","","bcm499","needs_manual_review"
"180510","Yves Salomon","","bcm499","needs_manual_review"
"11232511","YVMIN","","bcm499","needs_manual_review"
"1248737","Yvonne Léon","","bcm499","needs_manual_review"
"472718","Zadig&Voltaire","","bcm499","needs_manual_review"
"15464722","Zanat","","bcm499","needs_manual_review"
"121047838","Zandonà","","bcm499","needs_manual_review"
"6908","Zanone","","bcm499","needs_manual_review"
"17347232","ZEEMOU ZENG","","bcm499","needs_manual_review"
"49213342","Zegna","제냐","bcm499","reviewed_or_rule_based"
"119400329","Zeiss","","bcm499","needs_manual_review"
"3539549","Zenith","","bcm499","needs_manual_review"
"1358858","Zeus+Dione","","bcm499","needs_manual_review"
"39680826","Zhilyova","","bcm499","needs_manual_review"
"585699","Ziggy Chen","","bcm499","needs_manual_review"
"55006","ZIMMERMANN","짐머만","bcm499","reviewed_or_rule_based"
"124956932","Zolfo","","bcm499","needs_manual_review"
"215501","Zuhair Murad","","bcm499","needs_manual_review"
"16823169","Château Quinault l'Enclos","","bcm499","needs_manual_review"
"18338349","IVY OAK","","bcm499","needs_manual_review"
"141284047","KHAITE Pre-Owned","케이트 프리오운드","bcm499","reviewed_or_rule_based"
"9367674","RASSVET","","bcm499","needs_manual_review"
"146125840","'47","","bcm499","needs_manual_review"
"2643171","'S Max Mara","","bcm499","needs_manual_review"
"125060943","&k Amsterdam","","bcm499","needs_manual_review"
"4856430","032c","","bcm499","needs_manual_review"
"29275765","101 Copenhagen","","bcm499","needs_manual_review"
"2859886","1017 ALYX 9SM","","bcm499","needs_manual_review"
"9956218","120% Lino","","bcm499","needs_manual_review"
"44937599","13 09 SR","","bcm499","needs_manual_review"
"6843922","16Arlington","","bcm499","needs_manual_review"
"12804966","1882 Ltd","","bcm499","needs_manual_review"
"10948616","19-69","","bcm499","needs_manual_review"
"116195640","1913 DRESSCODE","","bcm499","needs_manual_review"
"470395","2 Star","","bcm499","needs_manual_review"
"128115780","2310 STUDIO","","bcm499","needs_manual_review"
"15415118","24bottles","","bcm499","needs_manual_review"
"9419","3.1 Phillip Lim","","bcm499","needs_manual_review"
"2737180","3.PARADIS","","bcm499","needs_manual_review"
"11877023","360Cashmere","","bcm499","needs_manual_review"
"34291766","3juin","","bcm499","needs_manual_review"
"770037","3x1","","bcm499","needs_manual_review"
"31409409","44 LABEL GROUP","","bcm499","needs_manual_review"
"676650","6397","","bcm499","needs_manual_review"
"90802371","66 North","","bcm499","needs_manual_review"
"18528","7 For All Mankind","","bcm499","needs_manual_review"
"115494","8pm","","bcm499","needs_manual_review"
"145375588","99 John St.","","bcm499","needs_manual_review"
"561340","A Diciannoveventitre","","bcm499","needs_manual_review"
"143906662","A.PRESSE","","bcm499","needs_manual_review"
"11876438","AAPE BY *A BATHING APE®","","bcm499","needs_manual_review"
"109663490","ABOUTBLANK","","bcm499","needs_manual_review"
"132808745","ACHM","","bcm499","needs_manual_review"
"132979230","ACMH x Love International","","bcm499","needs_manual_review"
"34505048","ACUPUNCTURE 1993","","bcm499","needs_manual_review"
"4559121","Aiezen","","bcm499","needs_manual_review"
"103964908","Alabaster Industries","","bcm499","needs_manual_review"
"5367032","Alchemist","","bcm499","needs_manual_review"
"179676","Alden","","bcm499","needs_manual_review"
"4712509","Alessandro Gherardi","","bcm499","needs_manual_review"
"913425","Alex Mill","","bcm499","needs_manual_review"
"127662115","Alley Docks 963","","bcm499","needs_manual_review"
"11065204","Alpina","","bcm499","needs_manual_review"
"127088234","ALTUM","","bcm499","needs_manual_review"
"313260","AMARÁNTO","","bcm499","needs_manual_review"
"124544390","AMARANTO","","bcm499","needs_manual_review"
"33423","Android Homme","","bcm499","needs_manual_review"
"14713925","Anil Arjandas","","bcm499","needs_manual_review"
"85816159","Another Aspect","","bcm499","needs_manual_review"
"1476243","Anrealage","","bcm499","needs_manual_review"
"52026","Antonio Maurizi","","bcm499","needs_manual_review"
"4814717","Antony Morato","","bcm499","needs_manual_review"
"3303801","Arnette","","bcm499","needs_manual_review"
"138573095","Aston Martin Watches","","bcm499","needs_manual_review"
"5305982","Astorflex","","bcm499","needs_manual_review"
"103852246","Atelier Munro","","bcm499","needs_manual_review"
"31789567","atomo factory","","bcm499","needs_manual_review"
"92232","Attachment","","bcm499","needs_manual_review"
"91763131","Aurélien","","bcm499","needs_manual_review"
"15035144","Automobili Lamborghini","","bcm499","needs_manual_review"
"36742","B.D. Baggies","","bcm499","needs_manual_review"
"129154549","BADFRIEND","","bcm499","needs_manual_review"
"5855236","Bagnoli Sartoria Napoli","","bcm499","needs_manual_review"
"22044896","BALR.","","bcm499","needs_manual_review"
"143685365","BAPE BLACK by *A BATHING APE®","","bcm499","needs_manual_review"
"15697","Baracuta","","bcm499","needs_manual_review"
"50735265","Barakà","","bcm499","needs_manual_review"
"49639994","BARBOUR and WANDER","","bcm499","needs_manual_review"
"121333683","BARMAS","","bcm499","needs_manual_review"
"12080476","Barrett","","bcm499","needs_manual_review"
"80724927","Baziszt","","bcm499","needs_manual_review"
"44860","BD Baggies","","bcm499","needs_manual_review"
"6770384","BE ABLE","","bcm499","needs_manual_review"
"15612689","BEAMS PLUS","","bcm499","needs_manual_review"
"8509692","Begg x Co","","bcm499","needs_manual_review"
"3616427","Bellerose","","bcm499","needs_manual_review"
"11769","Belstaff","","bcm499","needs_manual_review"
"35978064","Berner Kühl","","bcm499","needs_manual_review"
"4942475","Berwich","","bcm499","needs_manual_review"
"6309315","Bethany Williams","","bcm499","needs_manual_review"
"108614636","Better with Age","","bcm499","needs_manual_review"
"603","Bikkembergs","","bcm499","needs_manual_review"
"4901602","Billionaire","","bcm499","needs_manual_review"
"80613","Billionaire Boys Club","","bcm499","needs_manual_review"
"766002","Billionaire Boys Club - Ice Cream","","bcm499","needs_manual_review"
"84482","Bjorn Borg","","bcm499","needs_manual_review"
"122864180","BL'KER","","bcm499","needs_manual_review"
"1354288","Blue Blue Japan","","bcm499","needs_manual_review"
"22285919","BLUE SKY INN","","bcm499","needs_manual_review"
"47748864","BLUEMARBLE","","bcm499","needs_manual_review"
"96982625","Boggi Milano","","bcm499","needs_manual_review"
"13425586","Bonsai","","bcm499","needs_manual_review"
"981323","Bontoni","","bcm499","needs_manual_review"
"14529","Boris Bidjan Saberi","","bcm499","needs_manual_review"
"112476","Borrelli","","bcm499","needs_manual_review"
"115909401","BORRIELLO NAPOLI","","bcm499","needs_manual_review"
"14534987","BOURRIENNE","","bcm499","needs_manual_review"
"14919345","Bovet","","bcm499","needs_manual_review"
"116074511","BOWERY","","bcm499","needs_manual_review"
"3539495","Breitling","","bcm499","needs_manual_review"
"61047526","BRERAS MILANO","","bcm499","needs_manual_review"
"167830","Brooks Brothers","","bcm499","needs_manual_review"
"148594219","BRYAN JIMENÈZ","","bcm499","needs_manual_review"
"12078094","Bugatti","","bcm499","needs_manual_review"
"6368655","Bulova","","bcm499","needs_manual_review"
"8016387","Bunney","","bcm499","needs_manual_review"
"10343451","Burton","","bcm499","needs_manual_review"
"127095974","Buzz Ricksons","","bcm499","needs_manual_review"
"17081842","BY PARRA","","bcm499","needs_manual_review"
"127224591","CALCE","","bcm499","needs_manual_review"
"122052733","CALMLENCE","","bcm499","needs_manual_review"
"135407","Calvin Klein Vintage","","bcm499","needs_manual_review"
"12270495","Canadiens","","bcm499","needs_manual_review"
"670211","Canali","","bcm499","needs_manual_review"
"50846657","CAPASA MILANO","","bcm499","needs_manual_review"
"6641416","Carlo Pignatelli","","bcm499","needs_manual_review"
"133917","Caruso","","bcm499","needs_manual_review"
"375894","Casco","","bcm499","needs_manual_review"
"396990","Causse","","bcm499","needs_manual_review"
"9477360","CDLP","","bcm499","needs_manual_review"
"176587","Cellar Door","","bcm499","needs_manual_review"
"78754683","CERNUCCI","","bcm499","needs_manual_review"
"3344577","Cesare Attolini","","bcm499","needs_manual_review"
"221630","Chamula","","bcm499","needs_manual_review"
"60417833","CHÉ","","bcm499","needs_manual_review"
"130495418","CHÉ Studios","","bcm499","needs_manual_review"
"12270394","CHEANEY","","bcm499","needs_manual_review"
"138567815","CHEW FOREVER","","bcm499","needs_manual_review"
"1263846","Christian Pellizzari","","bcm499","needs_manual_review"
"132226","Claude Montana Pre-Owned","","bcm499","needs_manual_review"
"127223404","CLEENS","","bcm499","needs_manual_review"
"116917002","CLUB 1984","","bcm499","needs_manual_review"
"145376678","Club PARIS","","bcm499","needs_manual_review"
"116943729","COLAMARINO","","bcm499","needs_manual_review"
"270305","Colombo","","bcm499","needs_manual_review"
"35088676","COMMAS","","bcm499","needs_manual_review"
"553014","Comme des Garçons Homme Deux","","bcm499","needs_manual_review"
"5282381","Converse Kids","","bcm499","needs_manual_review"
"177504","Corneliani","","bcm499","needs_manual_review"
"50902839","Corridor","","bcm499","needs_manual_review"
"22885","Costume National","","bcm499","needs_manual_review"
"4828858","Costumein","","bcm499","needs_manual_review"
"149011511","COVERI MOVING","","bcm499","needs_manual_review"
"15245","Crockett & Jones","","bcm499","needs_manual_review"
"330482","Crossley","","bcm499","needs_manual_review"
"169202","Cruciani","","bcm499","needs_manual_review"
"159418","Cruna","","bcm499","needs_manual_review"
"459809","D'amico","","bcm499","needs_manual_review"
"3680340","D4.0","","bcm499","needs_manual_review"
"148358792","DAGGER","","bcm499","needs_manual_review"
"127087685","DAIWA PIER39","","bcm499","needs_manual_review"
"1466180","Daniel Andresen","","bcm499","needs_manual_review"
"16479178","DAVID BECKHAM EYEWEAR","","bcm499","needs_manual_review"
"141897803","DC Shoes","","bcm499","needs_manual_review"
"188466","Dean Edmonds","","bcm499","needs_manual_review"
"123615431","Death Cigarettes","","bcm499","needs_manual_review"
"1564352","Deepti","","bcm499","needs_manual_review"
"5305984","Delirious","","bcm499","needs_manual_review"
"224535","Dell'oglio","","bcm499","needs_manual_review"
"516421","Della Ciana","","bcm499","needs_manual_review"
"14440276","Denim Tears","","bcm499","needs_manual_review"
"2601909","DESCENTE","","bcm499","needs_manual_review"
"69158","Devoa","","bcm499","needs_manual_review"
"61396341","DEVORE","","bcm499","needs_manual_review"
"129308629","Diana Studio","","bcm499","needs_manual_review"
"136535825","Digel","","bcm499","needs_manual_review"
"125782045","DIKTAT","","bcm499","needs_manual_review"
"110","Dirk Bikkembergs","","bcm499","needs_manual_review"
"18142171","DISCLAIMER","","bcm499","needs_manual_review"
"123634452","DON THE FULLER","","bcm499","needs_manual_review"
"2859909","DONDUP KIDS","","bcm499","needs_manual_review"
"7516966","Doriani Cashmere","","bcm499","needs_manual_review"
"89285608","Drake's","","bcm499","needs_manual_review"
"123614281","DTF.NYC","","bcm499","needs_manual_review"
"4315259","Duca Degli Abruzzi","","bcm499","needs_manual_review"
"12066617","DUKE & DEXTER","","bcm499","needs_manual_review"
"4255455","DUST","","bcm499","needs_manual_review"
"5305763","Edhen Milano","","bcm499","needs_manual_review"
"127226930","Edmmond Studios","","bcm499","needs_manual_review"
"7042","Edwin","","bcm499","needs_manual_review"
"148801414","ÉGARD","","bcm499","needs_manual_review"
"35983648","EGONlab.","","bcm499","needs_manual_review"
"125477967","Elios Milano","","bcm499","needs_manual_review"
"8829","Engineered Garments","","bcm499","needs_manual_review"
"751868","Entre Amis","","bcm499","needs_manual_review"
"92849709","ERALDO","","bcm499","needs_manual_review"
"362559","Ermenegildo Zegna Vintage","에르메네질도 제냐 빈티지","bcm499","reviewed_or_rule_based"
"149013187","ESERCITO 1659","","bcm499","needs_manual_review"
"669955","Eton","","bcm499","needs_manual_review"
"619","EVISU","","bcm499","needs_manual_review"
"18560","Fabi","","bcm499","needs_manual_review"
"440112","Facetasm","","bcm499","needs_manual_review"
"126497","Faith Connexion","","bcm499","needs_manual_review"
"124439621","Falconeri","","bcm499","needs_manual_review"
"57187285","FEDERICO CINA","","bcm499","needs_manual_review"
"1661789","FeFè","","bcm499","needs_manual_review"
"2538213","Ferrante","","bcm499","needs_manual_review"
"8665","Fessura","","bcm499","needs_manual_review"
"14130107","Fileria","","bcm499","needs_manual_review"
"12322051","Filippo De Laurentiis","","bcm499","needs_manual_review"
"123840124","FIORIO MILANO","","bcm499","needs_manual_review"
"36219840","Fioroni Cashmere","","bcm499","needs_manual_review"
"32038608","FLÂNEUR","","bcm499","needs_manual_review"
"16478994","FOO AND FOO","","bcm499","needs_manual_review"
"82964150","Foret","","bcm499","needs_manual_review"
"106765013","FRANZESE COLLECTION","","bcm499","needs_manual_review"
"129029435","FRATELLI RENNELLA","","bcm499","needs_manual_review"
"179520","Fratelli Rossetti","","bcm499","needs_manual_review"
"2092992","Fray","","bcm499","needs_manual_review"
"2065696","Frescobol Carioca","","bcm499","needs_manual_review"
"80203079","FURSAC","","bcm499","needs_manual_review"
"14507","G-Shock","","bcm499","needs_manual_review"
"4186386","GABBA","","bcm499","needs_manual_review"
"2547242","Gabriele Pasini","","bcm499","needs_manual_review"
"1793427","Ganryu Comme Des Garcons","","bcm499","needs_manual_review"
"111488022","GARCIAS","","bcm499","needs_manual_review"
"154795076","GAS","","bcm499","needs_manual_review"
"127227906","GASSA D AMANTE","","bcm499","needs_manual_review"
"36199659","Gerald Charles","","bcm499","needs_manual_review"
"151581595","GIANNI LUPO","","bcm499","needs_manual_review"
"7439","Giorgio Brato","","bcm499","needs_manual_review"
"145376301","GIORGIO VALMASSOI","","bcm499","needs_manual_review"
"155245333","GIRELLI BRUNI","","bcm499","needs_manual_review"
"3265082","Gitman Vintage","","bcm499","needs_manual_review"
"3539534","Glashuette Original","","bcm499","needs_manual_review"
"72500","Gloverall","","bcm499","needs_manual_review"
"107580278","GODMADE","","bcm499","needs_manual_review"
"34503775","GOES BOTANICAL","","bcm499","needs_manual_review"
"14361","Golden Wave Sundek","","bcm499","needs_manual_review"
"9484","Goti","","bcm499","needs_manual_review"
"11007250","GR10K","","bcm499","needs_manual_review"
"3846395","GRAHAM","","bcm499","needs_manual_review"
"17991587","Grand Seiko","","bcm499","needs_manual_review"
"449954","Green George","","bcm499","needs_manual_review"
"26425","Grenson","","bcm499","needs_manual_review"
"134616686","Greyed","","bcm499","needs_manual_review"
"115905064","Grifoni","","bcm499","needs_manual_review"
"7137442","Gta","","bcm499","needs_manual_review"
"109663616","GUSARI","","bcm499","needs_manual_review"
"141009","Guy Laroche","","bcm499","needs_manual_review"
"860758","Hackett","","bcm499","needs_manual_review"
"3944","Haider Ackermann","","bcm499","needs_manual_review"
"126069772","Hamaki-Ho","","bcm499","needs_manual_review"
"31249263","HARRIET MORRIS","","bcm499","needs_manual_review"
"50241","HARTFORD","","bcm499","needs_manual_review"
"10866324","Hatton Labs","","bcm499","needs_manual_review"
"675272","Hevo","","bcm499","needs_manual_review"
"109315","Homme","","bcm499","needs_manual_review"
"15435982","Honor The Gift","","bcm499","needs_manual_review"
"151510968","HOPEIUM","","bcm499","needs_manual_review"
"11506909","Hosio","","bcm499","needs_manual_review"
"215956","Howlin'","","bcm499","needs_manual_review"
"201776","Iceberg Vintage","","bcm499","needs_manual_review"
"149022205","ICON BRAND","","bcm499","needs_manual_review"
"4215202","Ih Nom Uh Nit","","bcm499","needs_manual_review"
"1814742","In The Box","","bcm499","needs_manual_review"
"30696227","Inverni Hats","","bcm499","needs_manual_review"
"523043","Ishikawa","","bcm499","needs_manual_review"
"50501840","IUTER","","bcm499","needs_manual_review"
"741239","Jacob Cohen Academy","","bcm499","needs_manual_review"
"121899458","JAK","","bcm499","needs_manual_review"
"245644","Jan Jan Van Essche","","bcm499","needs_manual_review"
"124386079","Japan Rags","","bcm499","needs_manual_review"
"58853351","Jason Markk","","bcm499","needs_manual_review"
"5734","JECKERSON","","bcm499","needs_manual_review"
"129027804","JEEP","","bcm499","needs_manual_review"
"422893","Jeordie's","","bcm499","needs_manual_review"
"51367228","JiyongKim","","bcm499","needs_manual_review"
"7579567","Joe Chia","","bcm499","needs_manual_review"
"1315443","John Lobb","","bcm499","needs_manual_review"
"211785","John Richmond Vintage","","bcm499","needs_manual_review"
"12609","John Smedley","","bcm499","needs_manual_review"
"133356111","Jonsen Island","","bcm499","needs_manual_review"
"116916429","JUDE LLOW","","bcm499","needs_manual_review"
"11072","Julius","","bcm499","needs_manual_review"
"62979031","JUNTAE KIM","","bcm499","needs_manual_review"
"1063478","Junya Watanabe MAN","","bcm499","needs_manual_review"
"23697","K-Way R&D","","bcm499","needs_manual_review"
"129927614","Kafeneo by TBF","","bcm499","needs_manual_review"
"4484249","Kaptain Sunshine","","bcm499","needs_manual_review"
"108037553","Kartik Research","","bcm499","needs_manual_review"
"142139674","KIDWEST","","bcm499","needs_manual_review"
"4909113","Kired","","bcm499","needs_manual_review"
"5047979","KJUS","","bcm499","needs_manual_review"
"455726","Klasica","","bcm499","needs_manual_review"
"128911432","KLEMAN","","bcm499","needs_manual_review"
"47761094","KUSIKOHC","","bcm499","needs_manual_review"
"113737802","L.B.M. 1911","","bcm499","needs_manual_review"
"127229925","LA BOUCLE","","bcm499","needs_manual_review"
"127659878","LA PAZ","","bcm499","needs_manual_review"
"92189","Label Under Construction","","bcm499","needs_manual_review"
"124618268","Lady White Co.","","bcm499","needs_manual_review"
"51878","Lagoa","","bcm499","needs_manual_review"
"140808645","LAST CALL FOR","","bcm499","needs_manual_review"
"954244","LC23","","bcm499","needs_manual_review"
"15614470","Les Deux","","bcm499","needs_manual_review"
"461242","LES HOMMES","","bcm499","needs_manual_review"
"2892171","Les Hommes Urban","","bcm499","needs_manual_review"
"128878899","LESTRANGE","","bcm499","needs_manual_review"
"122026128","Levens","","bcm499","needs_manual_review"
"144590695","Lindbergh","","bcm499","needs_manual_review"
"135613","LIVE","","bcm499","needs_manual_review"
"45200603","LØCI","","bcm499","needs_manual_review"
"122788166","LOÏS DIONISIO","","bcm499","needs_manual_review"
"127231628","LOJA DAS MEIAS","","bcm499","needs_manual_review"
"3621128","Longines","","bcm499","needs_manual_review"
"5350019","Low Brand","","bcm499","needs_manual_review"
"404058","Luciano Barbera","","bcm499","needs_manual_review"
"360012","Luigi Bianchi","","bcm499","needs_manual_review"
"183596","Luigi Borrelli","","bcm499","needs_manual_review"
"129518993","LUIGI GENTILE","","bcm499","needs_manual_review"
"149022581","LUMBERJACK","","bcm499","needs_manual_review"
"32309627","Lunetterie Générale","","bcm499","needs_manual_review"
"60556519","LỰU ĐẠN","","bcm499","needs_manual_review"
"29501","Lyle & Scott","","bcm499","needs_manual_review"
"14961121","M.Cohen","","bcm499","needs_manual_review"
"23747","Ma+","","bcm499","needs_manual_review"
"8374824","MAD Paris","","bcm499","needs_manual_review"
"1214933","Magnanni","","bcm499","needs_manual_review"
"145180293","Maison hideout","","bcm499","needs_manual_review"
"29944","Majestic Homme","","bcm499","needs_manual_review"
"127135535","MANRICO CASHMERE","","bcm499","needs_manual_review"
"124723051","Marchesani","","bcm499","needs_manual_review"
"85004062","Marco Pescarolo","","bcm499","needs_manual_review"
"124613759","Marechiaro 1962","","bcm499","needs_manual_review"
"149029815","mares","","bcm499","needs_manual_review"
"14961767","MARIANI","","bcm499","needs_manual_review"
"96282","Mason's","","bcm499","needs_manual_review"
"137880270","MASQ","","bcm499","needs_manual_review"
"123623304","Massimo Osti Studio","","bcm499","needs_manual_review"
"4379","Mastermind Japan","","bcm499","needs_manual_review"
"5994254","Mastermind World","","bcm499","needs_manual_review"
"6487906","Mauna Kea","","bcm499","needs_manual_review"
"313867","Maurizio Miri","","bcm499","needs_manual_review"
"210685","Mauro Grifoni","","bcm499","needs_manual_review"
"985238","Mazzarelli","","bcm499","needs_manual_review"
"12270097","MD75","","bcm499","needs_manual_review"
"2679778","Merz B. Schwanen","","bcm499","needs_manual_review"
"123621491","Metalwood Studio","","bcm499","needs_manual_review"
"100306411","michael coal","","bcm499","needs_manual_review"
"123224212","MILLE 885","","bcm499","needs_manual_review"
"1591351","MKI Miyuki Zoku","","bcm499","needs_manual_review"
"153665708","Monokemade","","bcm499","needs_manual_review"
"141465426","Montbell","","bcm499","needs_manual_review"
"358369","Montecore","","bcm499","needs_manual_review"
"141162946","Mood","","bcm499","needs_manual_review"
"99156473","MORDECAI","","bcm499","needs_manual_review"
"132504506","MORGILLO","","bcm499","needs_manual_review"
"17992035","MOUTY","","bcm499","needs_manual_review"
"156269540","MR. HOT DOG","","bcm499","needs_manual_review"
"6945","Munich","","bcm499","needs_manual_review"
"129027190","Murphy&Nye","","bcm499","needs_manual_review"
"3572256","Myne","","bcm499","needs_manual_review"
"124137","Myths","","bcm499","needs_manual_review"
"9979839","Nahmias","","bcm499","needs_manual_review"
"6641392","Namacheko","","bcm499","needs_manual_review"
"178642","Nanamica","","bcm499","needs_manual_review"
"150285034","NBDN Denim","","bcm499","needs_manual_review"
"3808","Neil Barrett","","bcm499","needs_manual_review"
"215737","Neon","","bcm499","needs_manual_review"
"122939499","New York Resident","","bcm499","needs_manual_review"
"12264703","Nike X Off-White","","bcm499","needs_manual_review"
"8688949","NN07","","bcm499","needs_manual_review"
"98911933","NO/FAITH STUDIOS","","bcm499","needs_manual_review"
"72135","Norse Projects","","bcm499","needs_manual_review"
"7692","Nudie Jeans","","bcm499","needs_manual_review"
"137339767","NULLUS","","bcm499","needs_manual_review"
"81458237","OAKLEY KID","","bcm499","needs_manual_review"
"127482882","OAMC Peacemaker","","bcm499","needs_manual_review"
"88580288","OAS Company","","bcm499","needs_manual_review"
"57109317","OBJECTS IV LIFE","","bcm499","needs_manual_review"
"115904444","OFFICINA 36","","bcm499","needs_manual_review"
"24470","Oliver Spencer","","bcm499","needs_manual_review"
"108651546","Only the Blind","","bcm499","needs_manual_review"
"124620332","ONLY&SONS|Man","","bcm499","needs_manual_review"
"2080","Opening Ceremony","","bcm499","needs_manual_review"
"139474080","Optimistic runners","","bcm499","needs_manual_review"
"6700394","Orian","","bcm499","needs_manual_review"
"197248","Orion","","bcm499","needs_manual_review"
"3543095","Oris","","bcm499","needs_manual_review"
"4072693","Orslow","","bcm499","needs_manual_review"
"59364549","OVER OVER","","bcm499","needs_manual_review"
"11489457","P448","","bcm499","needs_manual_review"
"105642086","Pal Sporting Goods","","bcm499","needs_manual_review"
"113605","Pal Zileri","","bcm499","needs_manual_review"
"76869","Palladium","","bcm499","needs_manual_review"
"3743849","Paltò","","bcm499","needs_manual_review"
"98302163","PANCHIC","","bcm499","needs_manual_review"
"22263","Pantofola D'oro","","bcm499","needs_manual_review"
"11851","Paolo Pecora","","bcm499","needs_manual_review"
"4532318","Paolo Pecora Kids","","bcm499","needs_manual_review"
"721498","Paoloni","","bcm499","needs_manual_review"
"715493","Pascal Millet","","bcm499","needs_manual_review"
"766812","Paul Harnden Shoemakers","","bcm499","needs_manual_review"
"123642139","PAUL ZEIST","","bcm499","needs_manual_review"
"121967274","Peacemaker Oamc","","bcm499","needs_manual_review"
"29305","Penfield","","bcm499","needs_manual_review"
"13902870","PENINSULA SWIMWEAR","","bcm499","needs_manual_review"
"92282","People Of Shibuya","","bcm499","needs_manual_review"
"111672457","PERCIVAL","","bcm499","needs_manual_review"
"49748","Perfection","","bcm499","needs_manual_review"
"63038480","PHILEO","","bcm499","needs_manual_review"
"137227755","Piacenza 1733","","bcm499","needs_manual_review"
"89283926","Piacenza Cashmere","","bcm499","needs_manual_review"
"138568648","PICANTE","","bcm499","needs_manual_review"
"12069168","PMD","","bcm499","needs_manual_review"
"15862275","PMDS","","bcm499","needs_manual_review"
"751606","Poème Bohémien","","bcm499","needs_manual_review"
"124386171","POLAR SKATE CO","","bcm499","needs_manual_review"
"148274581","Portal","","bcm499","needs_manual_review"
"133354165","Power Goods","","bcm499","needs_manual_review"
"136648292","PRO-X ELEMENTS","","bcm499","needs_manual_review"
"122622","Psycho Bunny","","bcm499","needs_manual_review"
"73410199","PUMA EYEWEAR","","bcm499","needs_manual_review"
"2758","Raf Simons","","bcm499","needs_manual_review"
"126842176","RAITH","","bcm499","needs_manual_review"
"19667","Ralph Lauren Purple Label","랄프 로렌 퍼플 라벨","bcm499","reviewed_or_rule_based"
"13186494","Random Identities","","bcm499","needs_manual_review"
"16087896","RANRA","","bcm499","needs_manual_review"
"1850321","Re-Hash","","bcm499","needs_manual_review"
"140045844","REEF","","bcm499","needs_manual_review"
"127004440","REFERENC","","bcm499","needs_manual_review"
"149141037","REGARDS","","bcm499","needs_manual_review"
"119463282","REMUS UOMO","","bcm499","needs_manual_review"
"108404242","REPRESENT 247","","bcm499","needs_manual_review"
"113420894","RETERNITY","","bcm499","needs_manual_review"
"16088675","Richard J. Brown","","bcm499","needs_manual_review"
"151531868","RIFLE","","bcm499","needs_manual_review"
"133909251","RIVINGTON ROI REBIS","","bcm499","needs_manual_review"
"980256","RLX Ralph Lauren","","bcm499","needs_manual_review"
"5010305","Roberto Ricci Designs","","bcm499","needs_manual_review"
"14685624","Robyn Lynch","","bcm499","needs_manual_review"
"4442180","Ron Dorff","","bcm499","needs_manual_review"
"12978","Roy Rogers","","bcm499","needs_manual_review"
"151813","Sáfilo Para Ótica Ventura","","bcm499","needs_manual_review"
"50685365","SAGE NATION","","bcm499","needs_manual_review"
"144216445","SALON C. LUNDMAN","","bcm499","needs_manual_review"
"111373","Salvatore Piccolo","","bcm499","needs_manual_review"
"115888438","Santaniello","","bcm499","needs_manual_review"
"87340","Sartoria Tramarossa","","bcm499","needs_manual_review"
"100514196","SARTORIO NAPOLI","","bcm499","needs_manual_review"
"106260519","SATOSHI NAKAMOTO","","bcm499","needs_manual_review"
"14846776","Scabal","","bcm499","needs_manual_review"
"12052752","Schiesser","","bcm499","needs_manual_review"
"12181358","Sease","","bcm499","needs_manual_review"
"154912064","SECND SLF","","bcm499","needs_manual_review"
"841626","Second/Layer","","bcm499","needs_manual_review"
"6540409","Sergio Tacchini","","bcm499","needs_manual_review"
"124616044","SILK95FIVE","","bcm499","needs_manual_review"
"3665027","Sinn","","bcm499","needs_manual_review"
"351308","Siviglia","","bcm499","needs_manual_review"
"138142781","SLAM JAM","","bcm499","needs_manual_review"
"12270531","slowear","","bcm499","needs_manual_review"
"114629608","SOL3MATES","","bcm499","needs_manual_review"
"8510641","SOLID HOMME","","bcm499","needs_manual_review"
"11875520","SOME WARE","","bcm499","needs_manual_review"
"18338286","SOUTH2 WEST8","","bcm499","needs_manual_review"
"144819593","ssstein","","bcm499","needs_manual_review"
"11507167","stan ray","","bcm499","needs_manual_review"
"115501532","STATE OF ORDER","","bcm499","needs_manual_review"
"118864838","STAY HUMAN ON EARTH","","bcm499","needs_manual_review"
"119940553","Stefan Brandt","","bcm499","needs_manual_review"
"2302348","Stefano Ricci","","bcm499","needs_manual_review"
"123642001","Stenströms","","bcm499","needs_manual_review"
"28303212","Stepney Workers Club","","bcm499","needs_manual_review"
"8337","Stewart","","bcm499","needs_manual_review"
"134025298","Still by Hand","","bcm499","needs_manual_review"
"2859946","Stone Island Junior","스톤 아일랜드 주니어","bcm499","reviewed_or_rule_based"
"12057718","Stretch","","bcm499","needs_manual_review"
"30718","Sugar Cane Jeans","","bcm499","needs_manual_review"
"116542403","SUMMER GAMES","","bcm499","needs_manual_review"
"10168761","Sunflower","","bcm499","needs_manual_review"
"122595369","Sunray Sportswear","","bcm499","needs_manual_review"
"132504924","SUNS","","bcm499","needs_manual_review"
"15644","Sunspel","","bcm499","needs_manual_review"
"791989","Super Duper Hats","","bcm499","needs_manual_review"
"8354","Superdry","","bcm499","needs_manual_review"
"6687095","Supreme","","bcm499","needs_manual_review"
"119333410","TAIGA TAKAHASHI","","bcm499","needs_manual_review"
"4460998","Tailor Toyo","","bcm499","needs_manual_review"
"1103034","Takahiromiyashita The Soloist","","bcm499","needs_manual_review"
"8792112","Templa","","bcm499","needs_manual_review"
"910338","Ten C","","bcm499","needs_manual_review"
"98866608","testoni","","bcm499","needs_manual_review"
"122902332","THE (Alphabet)","","bcm499","needs_manual_review"
"56534381","The Antipode","","bcm499","needs_manual_review"
"125463670","THE JACK LEATHERS","","bcm499","needs_manual_review"
"122257760","The Mercer Brand","","bcm499","needs_manual_review"
"6928234","The North Face Black Label","","bcm499","needs_manual_review"
"69400","The Viridi-Anne","","bcm499","needs_manual_review"
"145374827","THEMA","","bcm499","needs_manual_review"
"32038123","There Was One","","bcm499","needs_manual_review"
"12222165","This Is Never That","","bcm499","needs_manual_review"
"6724680","Throwback.","","bcm499","needs_manual_review"
"97055229","THUG CLUB","","bcm499","needs_manual_review"
"6310952","Tiger of Sweden","","bcm499","needs_manual_review"
"10343454","Tilak","","bcm499","needs_manual_review"
"6117697","Tintoria Mattei","","bcm499","needs_manual_review"
"434583","Toga","","bcm499","needs_manual_review"
"2438469","Toga Virilis","","bcm499","needs_manual_review"
"124450684","Tokyo","","bcm499","needs_manual_review"
"14395993","Tokyo James","","bcm499","needs_manual_review"
"1842582","Tom Ford Vintage","","bcm499","needs_manual_review"
"5683908","Tombolini","","bcm499","needs_manual_review"
"220479","Tonello","","bcm499","needs_manual_review"
"123669534","Toni Sailer","","bcm499","needs_manual_review"
"116944040","TOOCO","","bcm499","needs_manual_review"
"20751","Toy Watch","","bcm499","needs_manual_review"
"14130222","Traiano Milano","","bcm499","needs_manual_review"
"118451","Transit","","bcm499","needs_manual_review"
"130409109","TRC","","bcm499","needs_manual_review"
"3977932","Très Bien","","bcm499","needs_manual_review"
"9059","Tricker's","","bcm499","needs_manual_review"
"884412","Truzzi","","bcm499","needs_manual_review"
"149047915","U.S. Grand","","bcm499","needs_manual_review"
"99014","Umit Benan","","bcm499","needs_manual_review"
"151585393","UNDERCLUB","","bcm499","needs_manual_review"
"21874117","Undercoverism","","bcm499","needs_manual_review"
"6005599","United Standard","","bcm499","needs_manual_review"
"139244816","UNIVERSAL OVERALL","","bcm499","needs_manual_review"
"41589","Universal Works","","bcm499","needs_manual_review"
"149046215","UOMINITALIANI","","bcm499","needs_manual_review"
"149010539","Urban Classics","","bcm499","needs_manual_review"
"148144420","USKEES","","bcm499","needs_manual_review"
"6117647","Vale","","bcm499","needs_manual_review"
"295424","Valstar","","bcm499","needs_manual_review"
"45200599","VINNY'S","","bcm499","needs_manual_review"
"140047024","VISSLA","","bcm499","needs_manual_review"
"23875","visvim","","bcm499","needs_manual_review"
"49889112","VITELLI","","bcm499","needs_manual_review"
"7101811","Warren Lotas","","bcm499","needs_manual_review"
"94085780","Wax London","","bcm499","needs_manual_review"
"126151","White Mountaineering","","bcm499","needs_manual_review"
"127094494","Whitesville","","bcm499","needs_manual_review"
"39398340","Winnie NY","","bcm499","needs_manual_review"
"129669839","WOBURN WALK","","bcm499","needs_manual_review"
"6394","Wood Wood","","bcm499","needs_manual_review"
"1000129","Woolrich Vintage","","bcm499","needs_manual_review"
"413609","Wooyoungmi","","bcm499","needs_manual_review"
"25180","Wrangler","","bcm499","needs_manual_review"
"38991850","XLarge","","bcm499","needs_manual_review"
"11508529","yes i am","","bcm499","needs_manual_review"
"77556","Yuketen","","bcm499","needs_manual_review"
"16261087","Zancan","","bcm499","needs_manual_review"
"121047702","ZIENER","","bcm499","needs_manual_review"
"152375991","Extr4","","bcm499","needs_manual_review"
"155765871","SLAM","","bcm499","needs_manual_review"
"140223173","04651 / A TRIP IN A BAG","","bcm499","needs_manual_review"
"128078803","04651 Handelsgesellschaft MBH & Co. KG","","bcm499","needs_manual_review"
"151698629","11 11 L.U.C.K.","","bcm499","needs_manual_review"
"43281144","14BROS","","bcm499","needs_manual_review"
"90364869","1989 STUDIO","","bcm499","needs_manual_review"
"124675426","3DICI","","bcm499","needs_manual_review"
"3000156","424","","bcm499","needs_manual_review"
"2548635","69","","bcm499","needs_manual_review"
"10924318","Abel & Lula","","bcm499","needs_manual_review"
"4532309","adidas Kids","","bcm499","needs_manual_review"
"4242027","adidas Originals Kids","","bcm499","needs_manual_review"
"121068482","American Vintage Kids","","bcm499","needs_manual_review"
"4532313","Balmain Kids","","bcm499","needs_manual_review"
"6488962","Birkenstock Kids","","bcm499","needs_manual_review"
"3621154","Bobo Choses","","bcm499","needs_manual_review"
"2821714","BOSS Kidswear","","bcm499","needs_manual_review"
"2859905","Burberry Kids","버버리 키즈","bcm499","reviewed_or_rule_based"
"15164280","Camper Kids","","bcm499","needs_manual_review"
"112743605","CASABLANCA KIDS","카사블랑카 키즈","bcm499","reviewed_or_rule_based"
"636475","Colmar Kids","","bcm499","needs_manual_review"
"2857274","Comme Des Garçons Play Kids","","bcm499","needs_manual_review"
"2859907","Diesel Kids","","bcm499","needs_manual_review"
"2859908","Dkny Kids","","bcm499","needs_manual_review"
"2857276","Dolce & Gabbana Kids","돌체앤가바나 키즈","bcm499","reviewed_or_rule_based"
"3469061","Donsje","","bcm499","needs_manual_review"
"2857278","DSQUARED2 KIDS","","bcm499","needs_manual_review"
"7630813","Elisabetta Franchi Kids","","bcm499","needs_manual_review"
"5236866","Elisabetta Franchi La Mia Bambina","","bcm499","needs_manual_review"
"2819477","Emporio Armani Kids","","bcm499","needs_manual_review"
"5304121","Emu Kids","","bcm499","needs_manual_review"
"10056910","Fila Kids","","bcm499","needs_manual_review"
"7516978","Geox Kids","","bcm499","needs_manual_review"
"9691562","Gosoaky","","bcm499","needs_manual_review"
"12322208","guess kids","","bcm499","needs_manual_review"
"2859917","Herno Kids","에르노 키즈","bcm499","reviewed_or_rule_based"